id,description,state_id,division_id,msa_id
22113,Vermilion Parish,52,"",1
46013,Brown County,37,"",2
46045,Edmunds County,37,"",2
53027,Grays Harbor County,51,"",3
48059,Callahan County,25,"",4
48253,Jones County,25,"",4
48441,Taylor County,25,"",4
40123,Pontotoc County,36,"",5
72001,Adjuntas Municipio,16,"",6
26091,Lenawee County,35,"",7
72003,Aguada Municipio,16,"",8
72005,Aguadilla Municipio,16,"",8
72011,Añasco Municipio,16,"",8
72071,Isabela Municipio,16,"",8
72081,Lares Municipio,16,"",8
72099,Moca Municipio,16,"",8
72117,Rincón Municipio,16,"",8
72131,San Sebastián Municipio,16,"",8
39133,Portage County,21,"",9
39153,Summit County,21,"",9
35035,Otero County,48,"",10
13007,Baker County,24,"",11
13095,Dougherty County,24,"",11
13177,Lee County,24,"",11
13273,Terrell County,24,"",11
13321,Worth County,24,"",11
41043,Linn County,20,"",12
36001,Albany County,4,"",13
36083,Rensselaer County,4,"",13
36091,Saratoga County,4,"",13
36093,Schenectady County,4,"",13
36095,Schoharie County,4,"",13
37167,Stanly County,50,"",14
27047,Freeborn County,11,"",15
01095,Marshall County,3,"",16
35001,Bernalillo County,48,"",17
35043,Sandoval County,48,"",17
35057,Torrance County,48,"",17
35061,Valencia County,48,"",17
01037,Coosa County,3,"",18
01123,Tallapoosa County,3,"",18
22043,Grant Parish,52,"",19
22079,Rapides Parish,52,"",19
27041,Douglas County,11,"",20
48249,Jim Wells County,25,"",21
26005,Allegan County,35,"",22
34041,Warren County,33,"",23
42025,Carbon County,34,"",23
42077,Lehigh County,34,"",23
42095,Northampton County,34,"",23
26057,Gratiot County,35,"",24
26007,Alpena County,35,"",25
42013,Blair County,34,"",26
40065,Jackson County,36,"",27
48011,Armstrong County,25,"",28
48065,Carson County,25,"",28
48375,Potter County,25,"",28
48381,Randall County,25,"",28
13249,Schley County,24,"",29
13261,Sumter County,24,"",29
19169,Story County,15,"",30
36057,Montgomery County,4,"",31
02020,Anchorage Municipality,49,"",32
02170,Matanuska-Susitna Borough,49,"",32
18095,Madison County,28,"",33
45007,Anderson County,27,"",34
48003,Andrews County,25,"",35
18151,Steuben County,28,"",36
26161,Washtenaw County,35,"",37
01015,Calhoun County,3,"",38
55015,Calumet County,39,"",39
55087,Outagamie County,39,"",39
12027,DeSoto County,32,"",40
40019,Carter County,36,"",41
40085,Love County,36,"",41
05019,Clark County,31,"",42
37021,Buncombe County,50,"",43
37087,Haywood County,50,"",43
37089,Henderson County,50,"",43
37115,Madison County,50,"",43
39005,Ashland County,21,"",44
39007,Ashtabula County,21,"",45
41007,Clatsop County,20,"",46
20005,Atchison County,43,"",47
39009,Athens County,21,"",48
47107,McMinn County,23,"",49
48213,Henderson County,25,"",50
13059,Clarke County,24,"",51
13195,Madison County,24,"",51
13219,Oconee County,24,"",51
13221,Oglethorpe County,24,"",51
13013,Barrow County,24,"",52
13015,Bartow County,24,"",52
13035,Butts County,24,"",52
13045,Carroll County,24,"",52
13057,Cherokee County,24,"",52
13063,Clayton County,24,"",52
13067,Cobb County,24,"",52
13077,Coweta County,24,"",52
13085,Dawson County,24,"",52
13089,DeKalb County,24,"",52
13097,Douglas County,24,"",52
13113,Fayette County,24,"",52
13117,Forsyth County,24,"",52
13121,Fulton County,24,"",52
13135,Gwinnett County,24,"",52
13143,Haralson County,24,"",52
13149,Heard County,24,"",52
13151,Henry County,24,"",52
13159,Jasper County,24,"",52
13171,Lamar County,24,"",52
13199,Meriwether County,24,"",52
13217,Newton County,24,"",52
13223,Paulding County,24,"",52
13227,Pickens County,24,"",52
13231,Pike County,24,"",52
13247,Rockdale County,24,"",52
13255,Spalding County,24,"",52
13297,Walton County,24,"",52
34001,Atlantic County,33,"",53
18033,DeKalb County,28,"",54
36011,Cayuga County,4,"",55
01081,Lee County,3,"",56
13033,Burke County,24,"",57
13073,Columbia County,24,"",57
13189,McDuffie County,24,"",57
13245,Richmond County,24,"",57
45003,Aiken County,27,"",57
45037,Edgefield County,27,"",57
23011,Kennebec County,14,"",58
27099,Mower County,11,"",59
48021,Bastrop County,25,"",60
48055,Caldwell County,25,"",60
48209,Hays County,25,"",60
48453,Travis County,25,"",60
48491,Williamson County,25,"",60
13087,Decatur County,24,"",61
06029,Kern County,42,"",62
24003,Anne Arundel County,10,"",63
24005,Baltimore County,10,"",63
24013,Carroll County,10,"",63
24025,Harford County,10,"",63
24027,Howard County,10,"",63
24035,Queen Anne's County,10,"",63
24510,Baltimore city,10,"",63
23019,Penobscot County,14,"",64
55111,Sauk County,39,"",65
25001,Barnstable County,47,"",66
50023,Washington County,41,"",67
40147,Washington County,36,"",68
22067,Morehouse Parish,52,"",69
36037,Genesee County,4,"",70
05063,Independence County,31,"",71
22005,Ascension Parish,52,"",72
22033,East Baton Rouge Parish,52,"",72
22037,East Feliciana Parish,52,"",72
22047,Iberville Parish,52,"",72
22063,Livingston Parish,52,"",72
22077,Pointe Coupee Parish,52,"",72
22091,St. Helena Parish,52,"",72
22121,West Baton Rouge Parish,52,"",72
22125,West Feliciana Parish,52,"",72
26025,Calhoun County,35,"",73
26017,Bay County,35,"",74
48321,Matagorda County,25,"",75
31067,Gage County,9,"",76
48199,Hardin County,25,"",77
48245,Jefferson County,25,"",77
48361,Orange County,25,"",77
55027,Dodge County,39,"",78
54081,Raleigh County,46,"",79
18093,Lawrence County,28,"",80
48025,Bee County,25,"",81
39091,Logan County,21,"",82
53073,Whatcom County,51,"",83
27007,Beltrami County,11,"",84
41017,Deschutes County,20,"",85
45069,Marlboro County,27,"",86
50003,Bennington County,41,"",87
33007,Coos County,22,"",88
50009,Essex County,41,"",88
26107,Mecosta County,35,"",89
48227,Howard County,25,"",90
30009,Carbon County,38,"",91
30111,Yellowstone County,38,"",91
36007,Broome County,4,"",92
36107,Tioga County,4,"",92
01007,Bibb County,3,"",93
01009,Blount County,3,"",93
01021,Chilton County,3,"",93
01073,Jefferson County,3,"",93
01115,St. Clair County,3,"",93
01117,Shelby County,3,"",93
01127,Walker County,3,"",93
06027,Inyo County,42,"",94
38015,Burleigh County,2,"",95
38059,Morton County,2,"",95
16011,Bingham County,26,"",96
51071,Giles County,1,"",97
51121,Montgomery County,1,"",97
51155,Pulaski County,1,"",97
51750,Radford city,1,"",97
18055,Greene County,28,"",98
18105,Monroe County,28,"",98
18119,Owen County,28,"",98
17113,McLean County,19,"",99
42037,Columbia County,34,"",100
42093,Montour County,34,"",100
51185,Tazewell County,1,"",101
54055,Mercer County,46,"",101
05093,Mississippi County,31,"",102
22117,Washington Parish,52,"",103
16001,Ada County,26,"",104
16015,Boise County,26,"",104
16027,Canyon County,26,"",104
16045,Gem County,26,"",104
16073,Owyhee County,26,"",104
48147,Fannin County,25,"",105
19015,Boone County,15,"",106
37189,Watauga County,50,"",107
48233,Hutchinson County,25,"",108
25021,Norfolk County,47,14484,109
25023,Plymouth County,47,14484,109
25025,Suffolk County,47,14484,109
25017,Middlesex County,47,15764,109
25009,Essex County,47,37764,109
33015,Rockingham County,22,40484,109
33017,Strafford County,22,40484,109
08013,Boulder County,8,"",110
21061,Edmonson County,18,"",111
21227,Warren County,18,"",111
30031,Gallatin County,38,"",112
12081,Manatee County,32,"",113
12115,Sarasota County,32,"",113
42083,McKean County,34,"",114
27021,Cass County,11,"",115
27035,Crow Wing County,11,"",115
29209,Stone County,13,"",116
29213,Taney County,13,"",116
53035,Kitsap County,51,"",117
48477,Washington County,25,"",118
37175,Transylvania County,50,"",119
09001,Fairfield County,30,"",120
49003,Box Elder County,45,"",121
28085,Lincoln County,29,"",122
41015,Curry County,20,"",123
46011,Brookings County,37,"",124
47075,Haywood County,23,"",125
48061,Cameron County,25,"",126
48049,Brown County,25,"",127
13025,Brantley County,24,"",128
13127,Glynn County,24,"",128
13191,McIntosh County,24,"",128
39033,Crawford County,21,"",129
36029,Erie County,4,"",130
36063,Niagara County,4,"",130
16031,Cassia County,26,"",131
16067,Minidoka County,26,"",131
17071,Henderson County,19,"",132
19057,Des Moines County,15,"",132
37001,Alamance County,50,"",133
50007,Chittenden County,41,"",134
50011,Franklin County,41,"",134
50013,Grand Isle County,41,"",134
30093,Silver Bow County,38,"",135
26113,Missaukee County,35,"",136
26165,Wexford County,35,"",136
13129,Gordon County,24,"",137
24019,Dorchester County,10,"",138
39059,Guernsey County,21,"",139
05013,Calhoun County,31,"",140
05103,Ouachita County,31,"",140
21217,Taylor County,18,"",141
08043,Fremont County,8,"",142
17057,Fulton County,19,"",143
39019,Carroll County,21,"",144
39151,Stark County,21,"",144
12071,Lee County,32,"",145
17003,Alexander County,19,"",146
29017,Bollinger County,13,"",146
29031,Cape Girardeau County,13,"",146
17077,Jackson County,19,"",147
35015,Eddy County,48,"",148
32510,Carson City,40,"",149
56025,Natrona County,12,"",150
49021,Iron County,45,"",151
19011,Benton County,15,"",152
19105,Jones County,15,"",152
19113,Linn County,15,"",152
13233,Polk County,24,"",153
39107,Mercer County,21,"",154
21177,Muhlenberg County,18,"",155
17121,Marion County,19,"",156
53041,Lewis County,51,"",157
42055,Franklin County,34,"",158
17019,Champaign County,19,"",159
17053,Ford County,19,"",159
17147,Piatt County,19,"",159
54005,Boone County,46,"",160
54015,Clay County,46,"",160
54039,Kanawha County,46,"",160
54043,Lincoln County,46,"",160
54079,Putnam County,46,"",160
17029,Coles County,19,"",161
17035,Cumberland County,19,"",161
45015,Berkeley County,27,"",162
45019,Charleston County,27,"",162
45035,Dorchester County,27,"",162
37007,Anson County,50,"",163
37025,Cabarrus County,50,"",163
37071,Gaston County,50,"",163
37119,Mecklenburg County,50,"",163
37179,Union County,50,"",163
45091,York County,27,"",163
51003,Albemarle County,1,"",164
51065,Fluvanna County,1,"",164
51079,Greene County,1,"",164
51125,Nelson County,1,"",164
51540,Charlottesville city,1,"",164
13047,Catoosa County,24,"",165
13083,Dade County,24,"",165
13295,Walker County,24,"",165
47065,Hamilton County,23,"",165
47115,Marion County,23,"",165
47153,Sequatchie County,23,"",165
45023,Chester County,27,"",166
56021,Laramie County,12,"",167
17031,Cook County,19,16974,168
17037,DeKalb County,19,16974,168
17043,DuPage County,19,16974,168
17063,Grundy County,19,16974,168
17089,Kane County,19,16974,168
17093,Kendall County,19,16974,168
17111,McHenry County,19,16974,168
17197,Will County,19,16974,168
18073,Jasper County,28,23844,168
18089,Lake County,28,23844,168
18111,Newton County,28,23844,168
18127,Porter County,28,23844,168
17097,Lake County,19,29404,168
55059,Kenosha County,39,29404,168
06007,Butte County,42,"",169
39141,Ross County,21,"",170
18029,Dearborn County,28,"",171
18047,Franklin County,28,"",171
18115,Ohio County,28,"",171
21015,Boone County,18,"",171
21023,Bracken County,18,"",171
21037,Campbell County,18,"",171
21077,Gallatin County,18,"",171
21081,Grant County,18,"",171
21117,Kenton County,18,"",171
21191,Pendleton County,18,"",171
39015,Brown County,21,"",171
39017,Butler County,21,"",171
39025,Clermont County,21,"",171
39061,Hamilton County,21,"",171
39165,Warren County,21,"",171
33019,Sullivan County,22,"",172
54017,Doddridge County,46,"",173
54033,Harrison County,46,"",173
54091,Taylor County,46,"",173
28027,Coahoma County,29,"",174
21047,Christian County,18,"",175
21221,Trigg County,18,"",175
47125,Montgomery County,23,"",175
47161,Stewart County,23,"",175
06033,Lake County,42,"",176
28011,Bolivar County,29,"",177
47011,Bradley County,23,"",178
47139,Polk County,23,"",178
39035,Cuyahoga County,21,"",179
39055,Geauga County,21,"",179
39085,Lake County,21,"",179
39093,Lorain County,21,"",179
39103,Medina County,21,"",179
12051,Hendry County,32,"",180
19045,Clinton County,15,"",181
35009,Curry County,48,"",182
72043,Coamo Municipio,16,"",183
72123,Salinas Municipio,16,"",183
16055,Kootenai County,26,"",184
20125,Montgomery County,43,"",185
26023,Branch County,35,"",186
48041,Brazos County,25,"",187
48051,Burleson County,25,"",187
48395,Robertson County,25,"",187
08041,El Paso County,8,"",188
08119,Teller County,8,"",188
29019,Boone County,13,"",189
29089,Howard County,13,"",189
45017,Calhoun County,27,"",190
45039,Fairfield County,27,"",190
45055,Kershaw County,27,"",190
45063,Lexington County,27,"",190
45079,Richland County,27,"",190
45081,Saluda County,27,"",190
47119,Maury County,23,"",191
01113,Russell County,3,"",192
13053,Chattahoochee County,24,"",192
13145,Harris County,24,"",192
13197,Marion County,24,"",192
13215,Muscogee County,24,"",192
18005,Bartholomew County,28,"",193
28087,Lowndes County,29,"",194
31141,Platte County,9,"",195
39041,Delaware County,21,"",196
39045,Fairfield County,21,"",196
39049,Franklin County,21,"",196
39089,Licking County,21,"",196
39097,Madison County,21,"",196
39117,Morrow County,21,"",196
39129,Pickaway County,21,"",196
39159,Union County,21,"",196
33013,Merrimack County,22,"",197
18041,Fayette County,28,"",198
47087,Jackson County,23,"",199
47133,Overton County,23,"",199
47141,Putnam County,23,"",199
41011,Coos County,20,"",200
21235,Whitley County,18,"",201
13081,Crisp County,24,"",202
28003,Alcorn County,29,"",203
13137,Habersham County,24,"",204
36101,Steuben County,4,"",205
48007,Aransas County,25,"",206
48355,Nueces County,25,"",206
48409,San Patricio County,25,"",206
48349,Navarro County,25,"",207
36023,Cortland County,4,"",208
41003,Benton County,20,"",209
39031,Coshocton County,21,"",210
18107,Montgomery County,28,"",211
06015,Del Norte County,42,"",212
47035,Cumberland County,23,"",213
22001,Acadia Parish,52,"",214
01043,Cullman County,3,"",215
51047,Culpeper County,1,"",216
24001,Allegany County,10,"",217
54057,Mineral County,46,"",217
48085,Collin County,25,19124,218
48113,Dallas County,25,19124,218
48119,Delta County,25,19124,218
48121,Denton County,25,19124,218
48139,Ellis County,25,19124,218
48231,Hunt County,25,19124,218
48257,Kaufman County,25,19124,218
48397,Rockwall County,25,19124,218
48251,Johnson County,25,23104,218
48367,Parker County,25,23104,218
48439,Tarrant County,25,23104,218
48497,Wise County,25,23104,218
13213,Murray County,24,"",219
13313,Whitfield County,24,"",219
17183,Vermilion County,19,"",220
21021,Boyle County,18,"",221
21137,Lincoln County,18,"",221
51143,Pittsylvania County,1,"",222
51590,Danville city,1,"",222
01003,Baldwin County,3,"",223
17073,Henry County,19,"",224
17131,Mercer County,19,"",224
17161,Rock Island County,19,"",224
19163,Scott County,15,"",224
39057,Greene County,21,"",225
39109,Miami County,21,"",225
39113,Montgomery County,21,"",225
39135,Preble County,21,"",225
01079,Lawrence County,3,"",226
01103,Morgan County,3,"",226
17115,Macon County,19,"",227
18001,Adams County,28,"",228
39039,Defiance County,21,"",229
48465,Val Verde County,25,"",230
12127,Volusia County,32,"",231
35029,Luna County,48,"",232
08001,Adams County,8,"",233
08005,Arapahoe County,8,"",233
08014,Broomfield County,8,"",233
08019,Clear Creek County,8,"",233
08031,Denver County,8,"",233
08035,Douglas County,8,"",233
08039,Elbert County,8,"",233
08047,Gilpin County,8,"",233
08059,Jefferson County,8,"",233
08093,Park County,8,"",233
22011,Beauregard Parish,52,"",234
19049,Dallas County,15,"",235
19077,Guthrie County,15,"",235
19121,Madison County,15,"",235
19153,Polk County,15,"",235
19181,Warren County,15,"",235
26163,Wayne County,35,19804,236
26087,Lapeer County,35,47644,236
26093,Livingston County,35,47644,236
26099,Macomb County,35,47644,236
26125,Oakland County,35,47644,236
26147,St. Clair County,35,47644,236
38007,Billings County,2,"",237
38089,Stark County,2,"",237
45033,Dillon County,27,"",238
17103,Lee County,19,"",239
20057,Ford County,43,"",240
01061,Geneva County,3,"",241
01067,Henry County,3,"",241
01069,Houston County,3,"",241
13003,Atkinson County,24,"",242
13069,Coffee County,24,"",242
10001,Kent County,7,"",243
13167,Johnson County,24,"",244
13175,Laurens County,24,"",244
42033,Clearfield County,34,"",245
19061,Dubuque County,15,"",246
27017,Carlton County,11,"",247
27137,St. Louis County,11,"",247
55031,Douglas County,39,"",247
48341,Moore County,25,"",248
40137,Stephens County,36,"",249
37085,Harnett County,50,"",250
08067,La Plata County,8,"",251
40013,Bryan County,36,"",252
37037,Chatham County,50,"",253
37063,Durham County,50,"",253
37135,Orange County,50,"",253
37145,Person County,50,"",253
47045,Dyer County,23,"",254
48323,Maverick County,25,"",255
39029,Columbiana County,21,"",256
24041,Talbot County,10,"",257
42089,Monroe County,34,"",258
55017,Chippewa County,39,"",259
55035,Eau Claire County,39,"",259
08037,Eagle County,8,"",260
08065,Lake County,8,"",260
17049,Effingham County,19,"",261
48481,Wharton County,25,"",262
06025,Imperial County,42,"",263
05139,Union County,31,"",264
37029,Camden County,50,"",265
37139,Pasquotank County,50,"",265
37143,Perquimans County,50,"",265
21093,Hardin County,18,"",266
21123,Larue County,18,"",266
40009,Beckham County,36,"",267
18039,Elkhart County,28,"",268
32007,Elko County,40,"",269
32011,Eureka County,40,"",269
53037,Kittitas County,51,"",270
36015,Chemung County,4,"",271
48141,El Paso County,25,"",272
20017,Chase County,43,"",273
20111,Lyon County,43,"",273
40047,Garfield County,36,"",274
01031,Coffee County,3,"",275
01045,Dale County,3,"",275
42049,Erie County,34,"",276
26041,Delta County,35,"",277
35039,Rio Arriba County,48,"",278
01005,Barbour County,3,"",279
13239,Quitman County,24,"",279
41039,Lane County,20,"",280
06023,Humboldt County,42,"",281
56041,Uinta County,12,"",282
18051,Gibson County,28,"",283
18129,Posey County,28,"",283
18163,Vanderburgh County,28,"",283
18173,Warrick County,28,"",283
21101,Henderson County,18,"",283
21233,Webster County,18,"",283
02090,Fairbanks North Star Borough,49,"",284
27091,Martin County,11,"",285
54049,Marion County,46,"",286
72037,Ceiba Municipio,16,"",287
72053,Fajardo Municipio,16,"",287
72089,Luquillo Municipio,16,"",287
32001,Churchill County,40,"",288
27027,Clay County,11,"",289
38017,Cass County,2,"",289
27131,Rice County,11,"",290
29187,St. Francois County,13,"",291
35045,San Juan County,48,"",292
37051,Cumberland County,50,"",293
37093,Hoke County,50,"",293
05007,Benton County,31,"",294
05087,Madison County,31,"",294
05143,Washington County,31,"",294
29119,McDonald County,13,"",294
27111,Otter Tail County,11,"",295
32019,Lyon County,40,"",296
39063,Hancock County,21,"",297
13017,Ben Hill County,24,"",298
13155,Irwin County,24,"",298
04005,Coconino County,17,"",299
26049,Genesee County,35,"",300
45031,Darlington County,27,"",301
45041,Florence County,27,"",301
01033,Colbert County,3,"",302
01077,Lauderdale County,3,"",302
55039,Fond du Lac County,39,"",303
37161,Rutherford County,50,"",304
05123,St. Francis County,31,"",305
08069,Larimer County,8,"",306
19187,Webster County,15,"",307
29169,Pulaski County,13,"",308
19111,Lee County,15,"",309
29045,Clark County,13,"",309
08087,Morgan County,8,"",310
01049,DeKalb County,3,"",311
22115,Vernon Parish,52,"",312
05033,Crawford County,31,"",313
05047,Franklin County,31,"",313
05131,Sebastian County,31,"",313
40079,Le Flore County,36,"",313
40135,Sequoyah County,36,"",313
13225,Peach County,24,"",314
12091,Okaloosa County,32,"",315
18003,Allen County,28,"",316
18179,Wells County,28,"",316
18183,Whitley County,28,"",316
18023,Clinton County,28,"",317
21005,Anderson County,18,"",318
21073,Franklin County,18,"",318
48171,Gillespie County,25,"",319
17177,Stephenson County,19,"",320
31053,Dodge County,9,"",321
39143,Sandusky County,21,"",322
06019,Fresno County,42,"",323
01055,Etowah County,3,"",324
45021,Cherokee County,27,"",325
12001,Alachua County,32,"",326
12041,Gilchrist County,32,"",326
13139,Hall County,24,"",327
48097,Cooke County,25,"",328
17095,Knox County,19,"",329
17187,Warren County,19,"",329
35031,McKinley County,48,"",330
20055,Finney County,43,"",331
32005,Douglas County,40,"",332
45043,Georgetown County,27,"",333
42001,Adams County,34,"",334
56005,Campbell County,12,"",335
21009,Barren County,18,"",336
21169,Metcalfe County,18,"",336
36113,Warren County,4,"",337
36115,Washington County,4,"",337
36035,Fulton County,4,"",338
37191,Wayne County,50,"",339
48221,Hood County,25,"",340
48425,Somervell County,25,"",340
27119,Polk County,11,"",341
38035,Grand Forks County,2,"",341
31079,Hall County,9,"",342
31093,Howard County,9,"",342
31121,Merrick County,9,"",342
08077,Mesa County,8,"",343
26015,Barry County,35,"",344
26067,Ionia County,35,"",344
26081,Kent County,35,"",344
26123,Newaygo County,35,"",344
35006,Cibola County,48,"",345
41033,Josephine County,20,"",346
20009,Barton County,43,"",347
30013,Cascade County,38,"",348
08123,Weld County,8,"",349
55009,Brown County,39,"",350
55061,Kewaunee County,39,"",350
55083,Oconto County,39,"",350
47059,Greene County,23,"",351
37081,Guilford County,50,"",352
37151,Randolph County,50,"",352
37157,Rockingham County,50,"",352
18031,Decatur County,28,"",353
28151,Washington County,29,"",354
37079,Greene County,50,"",355
37147,Pitt County,50,"",355
39037,Darke County,21,"",356
45045,Greenville County,27,"",357
45059,Laurens County,27,"",357
45077,Pickens County,27,"",357
28015,Carroll County,29,"",358
28083,Leflore County,29,"",358
45047,Greenwood County,27,"",359
28043,Grenada County,29,"",360
72015,Arroyo Municipio,16,"",361
72057,Guayama Municipio,16,"",361
72109,Patillas Municipio,16,"",361
28045,Hancock County,29,"",362
28047,Harrison County,29,"",362
28131,Stone County,29,"",362
40139,Texas County,36,"",363
24043,Washington County,10,"",364
54003,Berkeley County,46,"",364
54065,Morgan County,46,"",364
22105,Tangipahoa Parish,52,"",365
06031,Kings County,42,"",366
29127,Marion County,13,"",367
29173,Ralls County,13,"",367
47145,Roane County,23,"",368
17165,Saline County,19,"",369
42041,Cumberland County,34,"",370
42043,Dauphin County,34,"",370
42099,Perry County,34,"",370
05009,Boone County,31,"",371
05101,Newton County,31,"",371
51165,Rockingham County,1,"",372
51660,Harrisonburg city,1,"",372
09003,Hartford County,30,"",373
09007,Middlesex County,30,"",373
09013,Tolland County,30,"",373
31001,Adams County,9,"",374
31035,Clay County,9,"",374
28035,Forrest County,29,"",375
28073,Lamar County,29,"",375
28111,Perry County,29,"",375
30041,Hill County,38,"",376
20051,Ellis County,43,"",377
49051,Wasatch County,45,"",378
30043,Jefferson County,38,"",379
30049,Lewis and Clark County,38,"",379
05107,Phillips County,31,"",380
37181,Vance County,50,"",381
48117,Deaf Smith County,25,"",382
37003,Alexander County,50,"",383
37023,Burke County,50,"",383
37027,Caldwell County,50,"",383
37035,Catawba County,50,"",383
15001,Hawaii County,6,"",384
45013,Beaufort County,27,"",385
45053,Jasper County,27,"",385
13179,Liberty County,24,"",386
13183,Long County,24,"",386
35025,Lea County,48,"",387
26139,Ottawa County,35,"",388
12017,Citrus County,32,"",389
15003,Honolulu County,6,"",390
41027,Hood River County,20,"",391
05057,Hempstead County,31,"",392
05099,Nevada County,31,"",392
05051,Garland County,31,"",393
26061,Houghton County,35,"",394
26083,Keweenaw County,35,"",394
22057,Lafourche Parish,52,"",395
22109,Terrebonne Parish,52,"",395
48015,Austin County,25,"",396
48039,Brazoria County,25,"",396
48071,Chambers County,25,"",396
48157,Fort Bend County,25,"",396
48167,Galveston County,25,"",396
48201,Harris County,25,"",396
48291,Liberty County,25,"",396
48339,Montgomery County,25,"",396
48407,San Jacinto County,25,"",396
48473,Waller County,25,"",396
36021,Columbia County,4,"",397
47053,Gibson County,23,"",398
42061,Huntingdon County,34,"",399
18069,Huntington County,28,"",400
21019,Boyd County,18,"",401
21089,Greenup County,18,"",401
39087,Lawrence County,21,"",401
54011,Cabell County,46,"",401
54099,Wayne County,46,"",401
01083,Limestone County,3,"",402
01089,Madison County,3,"",402
48471,Walker County,25,"",403
46005,Beadle County,37,"",404
20155,Reno County,43,"",405
27085,McLeod County,11,"",406
16019,Bonneville County,26,"",407
16051,Jefferson County,26,"",407
42063,Indiana County,34,"",408
18011,Boone County,28,"",409
18013,Brown County,28,"",409
18057,Hamilton County,28,"",409
18059,Hancock County,28,"",409
18063,Hendricks County,28,"",409
18081,Johnson County,28,"",409
18097,Marion County,28,"",409
18109,Morgan County,28,"",409
18133,Putnam County,28,"",409
18145,Shelby County,28,"",409
28133,Sunflower County,29,"",410
19103,Johnson County,15,"",411
19183,Washington County,15,"",411
26043,Dickinson County,35,"",412
55037,Florence County,39,"",412
36109,Tompkins County,4,"",413
26075,Jackson County,35,"",414
28029,Copiah County,29,"",415
28049,Hinds County,29,"",415
28089,Madison County,29,"",415
28121,Rankin County,29,"",415
28127,Simpson County,29,"",415
47023,Chester County,23,"",416
47113,Madison County,23,"",416
16081,Teton County,26,"",417
56039,Teton County,12,"",417
12003,Baker County,32,"",418
12019,Clay County,32,"",418
12031,Duval County,32,"",418
12089,Nassau County,32,"",418
12109,St. Johns County,32,"",418
17137,Morgan County,19,"",419
17171,Scott County,19,"",419
37133,Onslow County,50,"",420
48073,Cherokee County,25,"",421
38093,Stutsman County,2,"",422
36013,Chautauqua County,4,"",423
55105,Rock County,39,"",424
18037,Dubois County,28,"",425
18125,Pike County,28,"",425
72073,Jayuya Municipio,16,"",426
29027,Callaway County,13,"",427
29051,Cole County,13,"",427
29135,Moniteau County,13,"",427
29151,Osage County,13,"",427
22053,Jefferson Davis Parish,52,"",428
13305,Wayne County,24,"",429
47019,Carter County,23,"",430
47171,Unicoi County,23,"",430
47179,Washington County,23,"",430
42021,Cambria County,34,"",431
05031,Craighead County,31,"",432
05111,Poinsett County,31,"",432
29097,Jasper County,13,"",433
29145,Newton County,13,"",433
02110,Juneau City and Borough,49,"",434
15009,Maui County,6,"",435
26077,Kalamazoo County,35,"",436
26159,Van Buren County,35,"",436
30029,Flathead County,38,"",437
17091,Kankakee County,19,"",438
20059,Franklin County,43,"",439
20091,Johnson County,43,"",439
20103,Leavenworth County,43,"",439
20107,Linn County,43,"",439
20121,Miami County,43,"",439
20209,Wyandotte County,43,"",439
29013,Bates County,13,"",439
29025,Caldwell County,13,"",439
29037,Cass County,13,"",439
29047,Clay County,13,"",439
29049,Clinton County,13,"",439
29095,Jackson County,13,"",439
29107,Lafayette County,13,"",439
29165,Platte County,13,"",439
29177,Ray County,13,"",439
15007,Kauai County,6,"",440
31019,Buffalo County,9,"",441
31099,Kearney County,9,"",441
33005,Cheshire County,22,"",442
18113,Noble County,28,"",443
29069,Dunklin County,13,"",444
53005,Benton County,51,"",445
53021,Franklin County,51,"",445
48265,Kerr County,25,"",446
02130,Ketchikan Gateway Borough,49,"",447
12087,Monroe County,32,"",448
37055,Dare County,50,"",449
48027,Bell County,25,"",450
48099,Coryell County,25,"",450
48281,Lampasas County,25,"",450
47073,Hawkins County,23,"",451
47163,Sullivan County,23,"",451
51169,Scott County,1,"",451
51191,Washington County,1,"",451
51520,Bristol city,1,"",451
36111,Ulster County,4,"",452
48261,Kenedy County,25,"",453
48273,Kleberg County,25,"",453
37107,Lenoir County,50,"",454
29001,Adair County,13,"",455
29197,Schuyler County,13,"",455
41035,Klamath County,20,"",456
47001,Anderson County,23,"",457
47009,Blount County,23,"",457
47093,Knox County,23,"",457
47105,Loudon County,23,"",457
47173,Union County,23,"",457
02150,Kodiak Island Borough,49,"",458
18067,Howard County,28,"",459
18159,Tipton County,28,"",459
33001,Belknap County,22,"",460
27055,Houston County,11,"",461
55063,La Crosse County,39,"",461
18007,Benton County,28,"",462
18015,Carroll County,28,"",462
18157,Tippecanoe County,28,"",462
22055,Lafayette Parish,52,"",463
22099,St. Martin Parish,52,"",463
47013,Campbell County,23,"",464
41061,Union County,20,"",465
13285,Troup County,24,"",466
22019,Calcasieu Parish,52,"",467
22023,Cameron Parish,52,"",467
12023,Columbia County,32,"",468
04015,Mohave County,17,"",469
12105,Polk County,32,"",470
48115,Dawson County,25,"",471
42071,Lancaster County,34,"",472
45057,Lancaster County,27,"",473
26037,Clinton County,35,"",474
26045,Eaton County,35,"",474
26065,Ingham County,35,"",474
56001,Albany County,12,"",475
48479,Webb County,25,"",476
35013,Dona Ana County,48,"",477
35047,San Miguel County,48,"",478
32003,Clark County,40,"",479
28061,Jasper County,29,"",480
28067,Jones County,29,"",480
37165,Scotland County,50,"",481
20045,Douglas County,43,"",482
47099,Lawrence County,23,"",483
40031,Comanche County,36,"",484
29105,Laclede County,13,"",485
33009,Grafton County,22,"",486
50017,Orange County,41,"",486
50027,Windsor County,41,"",486
42075,Lebanon County,34,"",487
48219,Hockley County,25,"",488
42119,Union County,34,"",489
47117,Marshall County,23,"",490
16069,Nez Perce County,26,"",491
53003,Asotin County,51,"",491
23001,Androscoggin County,14,"",492
42087,Mifflin County,34,"",493
31047,Dawson County,9,"",494
31073,Gosper County,9,"",494
21017,Bourbon County,18,"",495
21049,Clark County,18,"",495
21067,Fayette County,18,"",495
21113,Jessamine County,18,"",495
21209,Scott County,18,"",495
21239,Woodford County,18,"",495
24037,St. Mary's County,10,"",496
20175,Seward County,43,"",497
39003,Allen County,21,"",498
17107,Logan County,19,"",499
31109,Lancaster County,9,"",500
31159,Seward County,9,"",500
37109,Lincoln County,50,"",501
05045,Faulkner County,31,"",502
05053,Grant County,31,"",502
05085,Lonoke County,31,"",502
05105,Perry County,31,"",502
05119,Pulaski County,31,"",502
05125,Saline County,31,"",502
42035,Clinton County,34,"",503
16041,Franklin County,26,"",504
49005,Cache County,45,"",504
18017,Cass County,28,"",505
21125,Laurel County,18,"",506
48183,Gregg County,25,"",507
48401,Rusk County,25,"",507
48459,Upshur County,25,"",507
53015,Cowlitz County,51,"",508
35028,Los Alamos County,48,"",509
06037,Los Angeles County,42,31084,510
06059,Orange County,42,42044,510
18019,Clark County,28,"",511
18043,Floyd County,28,"",511
18061,Harrison County,28,"",511
18175,Washington County,28,"",511
21029,Bullitt County,18,"",511
21103,Henry County,18,"",511
21111,Jefferson County,18,"",511
21163,Meade County,18,"",511
21179,Nelson County,18,"",511
21185,Oldham County,18,"",511
21211,Shelby County,18,"",511
21215,Spencer County,18,"",511
21223,Trimble County,18,"",511
48107,Crosby County,25,"",512
48303,Lubbock County,25,"",512
48005,Angelina County,25,"",513
37155,Robeson County,50,"",514
51009,Amherst County,1,"",515
51011,Appomattox County,1,"",515
51019,Bedford County,1,"",515
51031,Campbell County,1,"",515
51515,Bedford city,1,"",515
51680,Lynchburg city,1,"",515
17109,McDonough County,19,"",516
13021,Bibb County,24,"",517
13079,Crawford County,24,"",517
13169,Jones County,24,"",517
13207,Monroe County,24,"",517
13289,Twiggs County,24,"",517
06039,Madera County,42,"",518
18077,Jefferson County,28,"",519
55021,Columbia County,39,"",520
55025,Dane County,39,"",520
55049,Iowa County,39,"",520
21107,Hopkins County,18,"",521
05027,Columbia County,31,"",522
36033,Franklin County,4,"",523
33011,Hillsborough County,22,"",524
20061,Geary County,43,"",525
20149,Pottawatomie County,43,"",525
20161,Riley County,43,"",525
55071,Manitowoc County,39,"",526
27013,Blue Earth County,11,"",527
27103,Nicollet County,11,"",527
39139,Richland County,21,"",528
26109,Menominee County,35,"",529
55075,Marinette County,39,"",529
18053,Grant County,28,"",530
39101,Marion County,21,"",531
17199,Williamson County,19,"",532
26103,Marquette County,35,"",533
27083,Lyon County,11,"",534
29195,Saline County,13,"",535
48203,Harrison County,25,"",536
19127,Marshall County,15,"",537
55141,Wood County,39,"",538
47183,Weakley County,23,"",539
51089,Henry County,1,"",540
51690,Martinsville city,1,"",540
29147,Nodaway County,13,"",541
19033,Cerro Gordo County,15,"",542
19195,Worth County,15,"",542
72067,Hormigueros Municipio,16,"",543
72097,Mayagüez Municipio,16,"",543
21083,Graves County,18,"",544
21135,Lewis County,18,"",545
21161,Mason County,18,"",545
40121,Pittsburg County,36,"",546
48215,Hidalgo County,25,"",547
28005,Amite County,29,"",548
28113,Pike County,29,"",548
47177,Warren County,23,"",549
20113,McPherson County,43,"",550
42039,Crawford County,34,"",551
41029,Jackson County,20,"",552
05035,Crittenden County,31,"",553
28033,DeSoto County,29,"",553
28093,Marshall County,29,"",553
28137,Tate County,29,"",553
28143,Tunica County,29,"",553
47047,Fayette County,23,"",553
47157,Shelby County,23,"",553
47167,Tipton County,23,"",553
55033,Dunn County,39,"",554
06047,Merced County,42,"",555
28023,Clarke County,29,"",556
28069,Kemper County,29,"",556
28075,Lauderdale County,29,"",556
55069,Lincoln County,39,"",557
29007,Audrain County,13,"",558
40115,Ottawa County,36,"",559
12011,Broward County,32,22744,560
12086,Miami-Dade County,32,33124,560
12099,Palm Beach County,32,48424,560
18091,LaPorte County,28,"",561
21013,Bell County,18,"",562
26111,Midland County,35,"",563
48329,Midland County,25,"",564
13009,Baldwin County,24,"",565
13141,Hancock County,24,"",565
55079,Milwaukee County,39,"",566
55089,Ozaukee County,39,"",566
55131,Washington County,39,"",566
55133,Waukesha County,39,"",566
22119,Webster Parish,52,"",567
48363,Palo Pinto County,25,"",568
27003,Anoka County,11,"",569
27019,Carver County,11,"",569
27025,Chisago County,11,"",569
27037,Dakota County,11,"",569
27053,Hennepin County,11,"",569
27059,Isanti County,11,"",569
27123,Ramsey County,11,"",569
27139,Scott County,11,"",569
27141,Sherburne County,11,"",569
27163,Washington County,11,"",569
27171,Wright County,11,"",569
55093,Pierce County,39,"",569
55109,St. Croix County,39,"",569
38049,McHenry County,2,"",570
38075,Renville County,2,"",570
38101,Ward County,2,"",570
30063,Missoula County,38,"",571
46035,Davison County,37,"",572
46061,Hanson County,37,"",572
29175,Randolph County,13,"",573
01097,Mobile County,3,"",574
06099,Stanislaus County,42,"",575
22073,Ouachita Parish,52,"",576
22111,Union Parish,52,"",576
26115,Monroe County,35,"",577
55045,Green County,39,"",578
01001,Autauga County,3,"",579
01051,Elmore County,3,"",579
01085,Lowndes County,3,"",579
01101,Montgomery County,3,"",579
08085,Montrose County,8,"",580
37031,Carteret County,50,"",581
22101,St. Mary Parish,52,"",582
54061,Monongalia County,46,"",583
54077,Preston County,46,"",583
47057,Grainger County,23,"",584
47063,Hamblen County,23,"",584
47089,Jefferson County,23,"",584
16057,Latah County,26,"",585
53025,Grant County,51,"",586
13071,Colquitt County,24,"",587
05005,Baxter County,31,"",588
16039,Elmore County,26,"",589
37171,Surry County,50,"",590
26073,Isabella County,35,"",591
48449,Titus County,25,"",592
21011,Bath County,18,"",593
21165,Menifee County,18,"",593
21173,Montgomery County,18,"",593
17065,Hamilton County,19,"",594
17081,Jefferson County,19,"",594
39083,Knox County,21,"",595
53057,Skagit County,51,"",596
18035,Delaware County,28,"",597
21035,Calloway County,18,"",598
19115,Louisa County,15,"",599
19139,Muscatine County,15,"",599
26121,Muskegon County,35,"",600
40101,Muskogee County,36,"",601
45051,Horry County,27,"",602
48347,Nacogdoches County,25,"",603
06055,Napa County,42,"",604
12021,Collier County,32,"",605
47015,Cannon County,23,"",606
47021,Cheatham County,23,"",606
47037,Davidson County,23,"",606
47043,Dickson County,23,"",606
47081,Hickman County,23,"",606
47111,Macon County,23,"",606
47147,Robertson County,23,"",606
47149,Rutherford County,23,"",606
47159,Smith County,23,"",606
47165,Sumner County,23,"",606
47169,Trousdale County,23,"",606
47187,Williamson County,23,"",606
47189,Wilson County,23,"",606
22029,Concordia Parish,52,"",607
28001,Adams County,29,"",607
22069,Natchitoches Parish,52,"",608
37049,Craven County,50,"",609
37103,Jones County,50,"",609
37137,Pamlico County,50,"",609
45071,Newberry County,27,"",610
18065,Henry County,28,"",611
42073,Lawrence County,34,"",612
09009,New Haven County,30,"",613
22045,Iberia Parish,52,"",614
22051,Jefferson Parish,52,"",615
22071,Orleans Parish,52,"",615
22075,Plaquemines Parish,52,"",615
22087,St. Bernard Parish,52,"",615
22089,St. Charles Parish,52,"",615
22095,St. John the Baptist Parish,52,"",615
22103,St. Tammany Parish,52,"",615
39157,Tuscarawas County,21,"",616
47029,Cocke County,23,"",617
19099,Jasper County,15,"",618
27015,Brown County,11,"",619
34023,Middlesex County,33,20764,620
34025,Monmouth County,33,20764,620
34029,Ocean County,33,20764,620
34035,Somerset County,33,20764,620
36059,Nassau County,4,35004,620
36103,Suffolk County,4,35004,620
34003,Bergen County,33,35644,620
34017,Hudson County,33,35644,620
34031,Passaic County,33,35644,620
36005,Bronx County,4,35644,620
36047,Kings County,4,35644,620
36061,New York County,4,35644,620
36079,Putnam County,4,35644,620
36081,Queens County,4,35644,620
36085,Richmond County,4,35644,620
36087,Rockland County,4,35644,620
36119,Westchester County,4,35644,620
34013,Essex County,33,35084,620
34019,Hunterdon County,33,35084,620
34027,Morris County,33,35084,620
34037,Sussex County,33,35084,620
34039,Union County,33,35084,620
42103,Pike County,34,35084,620
26021,Berrien County,35,"",621
04023,Santa Cruz County,17,"",622
31119,Madison County,9,"",623
31139,Pierce County,9,"",623
31167,Stanton County,9,"",623
31111,Lincoln County,9,"",624
31113,Logan County,9,"",624
31117,McPherson County,9,"",624
18079,Jennings County,28,"",625
37193,Wilkes County,50,"",626
39077,Huron County,21,"",627
09011,New London County,30,"",628
53029,Island County,51,"",629
54019,Fayette County,46,"",630
12083,Marion County,32,"",631
34009,Cape May County,33,"",632
24047,Worcester County,10,"",633
48135,Ector County,25,"",634
49011,Davis County,45,"",635
49029,Morgan County,45,"",635
49057,Weber County,45,"",635
36089,St. Lawrence County,4,"",636
42121,Venango County,34,"",637
12093,Okeechobee County,32,"",638
40017,Canadian County,36,"",639
40027,Cleveland County,36,"",639
40051,Grady County,36,"",639
40081,Lincoln County,36,"",639
40083,Logan County,36,"",639
40087,McClain County,36,"",639
40109,Oklahoma County,36,"",639
36009,Cattaraugus County,4,"",640
53067,Thurston County,51,"",641
19085,Harrison County,15,"",642
19129,Mills County,15,"",642
19155,Pottawattamie County,15,"",642
31025,Cass County,9,"",642
31055,Douglas County,9,"",642
31153,Sarpy County,9,"",642
31155,Saunders County,9,"",642
31177,Washington County,9,"",642
36077,Otsego County,4,"",643
16075,Payette County,26,"",644
41045,Malheur County,20,"",644
22097,St. Landry Parish,52,"",645
45075,Orangeburg County,27,"",646
12069,Lake County,32,"",647
12095,Orange County,32,"",647
12097,Osceola County,32,"",647
12117,Seminole County,32,"",647
55139,Winnebago County,39,"",648
19123,Mahaska County,15,"",649
17011,Bureau County,19,"",650
17099,La Salle County,19,"",650
17155,Putnam County,19,"",650
19179,Wapello County,15,"",651
27147,Steele County,11,"",652
21059,Daviess County,18,"",653
21091,Hancock County,18,"",653
21149,McLean County,18,"",653
26155,Shiawassee County,35,"",654
28071,Lafayette County,29,"",655
06111,Ventura County,42,"",656
17127,Massac County,19,"",657
21007,Ballard County,18,"",657
21139,Livingston County,18,"",657
21145,McCracken County,18,"",657
32023,Nye County,40,"",658
12107,Putnam County,32,"",659
48001,Anderson County,25,"",660
12009,Brevard County,32,"",661
12035,Flagler County,32,"",662
48179,Gray County,25,"",663
48393,Roberts County,25,"",663
12005,Bay County,32,"",664
05055,Greene County,31,"",665
47079,Henry County,23,"",666
48277,Lamar County,25,"",667
39167,Washington County,21,"",668
54073,Pleasants County,46,"",668
54105,Wirt County,46,"",668
54107,Wood County,46,"",668
20099,Labette County,43,"",669
28039,George County,29,"",670
28059,Jackson County,29,"",670
04007,Gila County,17,"",671
48389,Reeves County,25,"",672
19125,Marion County,15,"",673
41049,Morrow County,20,"",674
41059,Umatilla County,20,"",674
12033,Escambia County,32,"",675
12113,Santa Rosa County,32,"",675
17123,Marshall County,19,"",676
17143,Peoria County,19,"",676
17175,Stark County,19,"",676
17179,Tazewell County,19,"",676
17203,Woodford County,19,"",676
18103,Miami County,28,"",677
34005,Burlington County,33,15804,678
34007,Camden County,33,15804,678
34015,Gloucester County,33,15804,678
42017,Bucks County,34,37964,678
42029,Chester County,34,37964,678
42045,Delaware County,34,37964,678
42091,Montgomery County,34,37964,678
42101,Philadelphia County,34,37964,678
10003,New Castle County,7,48864,678
24015,Cecil County,10,48864,678
34033,Salem County,33,48864,678
06109,Tuolumne County,42,"",679
04013,Maricopa County,17,"",680
04021,Pinal County,17,"",680
28109,Pearl River County,29,"",681
46065,Hughes County,37,"",682
46117,Stanley County,37,"",682
22007,Assumption Parish,52,"",683
05025,Cleveland County,31,"",684
05069,Jefferson County,31,"",684
05079,Lincoln County,31,"",684
20037,Crawford County,43,"",685
42003,Allegheny County,34,"",686
42005,Armstrong County,34,"",686
42007,Beaver County,34,"",686
42019,Butler County,34,"",686
42051,Fayette County,34,"",686
42125,Washington County,34,"",686
42129,Westmoreland County,34,"",686
25003,Berkshire County,47,"",687
48189,Hale County,25,"",688
55043,Grant County,39,"",689
36019,Clinton County,4,"",690
18099,Marshall County,28,"",691
16005,Bannock County,26,"",692
16077,Power County,26,"",692
39053,Gallia County,21,"",693
54053,Mason County,46,"",693
40071,Kay County,36,"",694
72075,Juana Díaz Municipio,16,"",695
72113,Ponce Municipio,16,"",695
72149,Villalba Municipio,16,"",695
17105,Livingston County,19,"",696
29023,Butler County,13,"",697
35041,Roosevelt County,48,"",698
53009,Clallam County,51,"",699
23005,Cumberland County,14,"",700
23023,Sagadahoc County,14,"",700
23031,York County,14,"",700
41005,Clackamas County,20,"",701
41009,Columbia County,20,"",701
41051,Multnomah County,20,"",701
41067,Washington County,20,"",701
41071,Yamhill County,20,"",701
53011,Clark County,51,"",701
53059,Skamania County,51,"",701
12085,Martin County,32,"",702
12111,St. Lucie County,32,"",702
39145,Scioto County,21,"",703
42107,Schuylkill County,34,"",704
36027,Dutchess County,4,"",705
36071,Orange County,4,"",705
04025,Yavapai County,17,"",706
49007,Carbon County,45,"",707
41013,Crook County,20,"",708
25005,Bristol County,47,"",709
44001,Bristol County,5,"",709
44003,Kent County,5,"",709
44005,Newport County,5,"",709
44007,Providence County,5,"",709
44009,Washington County,5,"",709
49023,Juab County,45,"",710
49049,Utah County,45,"",710
08101,Pueblo County,8,"",711
53075,Whitman County,51,"",712
12015,Charlotte County,32,"",713
17001,Adams County,19,"",714
29111,Lewis County,13,"",714
55101,Racine County,39,"",715
37069,Franklin County,50,"",716
37101,Johnston County,50,"",716
37183,Wake County,50,"",716
46093,Meade County,37,"",717
46103,Pennington County,37,"",717
48489,Willacy County,25,"",718
42011,Berks County,34,"",719
06103,Tehama County,42,"",720
06089,Shasta County,42,"",721
27049,Goodhue County,11,"",722
32029,Storey County,40,"",723
32031,Washoe County,40,"",723
16043,Fremont County,26,"",724
16065,Madison County,26,"",724
18177,Wayne County,28,"",725
51007,Amelia County,1,"",726
51033,Caroline County,1,"",726
51036,Charles City County,1,"",726
51041,Chesterfield County,1,"",726
51049,Cumberland County,1,"",726
51053,Dinwiddie County,1,"",726
51075,Goochland County,1,"",726
51085,Hanover County,1,"",726
51087,Henrico County,1,"",726
51097,King and Queen County,1,"",726
51101,King William County,1,"",726
51109,Louisa County,1,"",726
51127,New Kent County,1,"",726
51145,Powhatan County,1,"",726
51149,Prince George County,1,"",726
51183,Sussex County,1,"",726
51570,Colonial Heights city,1,"",726
51670,Hopewell city,1,"",726
51730,Petersburg city,1,"",726
51760,Richmond city,1,"",726
21151,Madison County,18,"",727
21203,Rockcastle County,18,"",727
48427,Starr County,25,"",728
06065,Riverside County,42,"",729
06071,San Bernardino County,42,"",729
56013,Fremont County,12,"",730
51023,Botetourt County,1,"",731
51045,Craig County,1,"",731
51067,Franklin County,1,"",731
51161,Roanoke County,1,"",731
51770,Roanoke city,1,"",731
51775,Salem city,1,"",731
37083,Halifax County,50,"",732
37131,Northampton County,50,"",732
17141,Ogle County,19,"",733
27039,Dodge County,11,"",734
27109,Olmsted County,11,"",734
27157,Wabasha County,11,"",734
36051,Livingston County,4,"",735
36055,Monroe County,4,"",735
36069,Ontario County,4,"",735
36073,Orleans County,4,"",735
36117,Wayne County,4,"",735
17007,Boone County,19,"",736
17201,Winnebago County,19,"",736
37153,Richmond County,50,"",737
23013,Knox County,14,"",738
56037,Sweetwater County,12,"",739
37065,Edgecombe County,50,"",740
37127,Nash County,50,"",740
29161,Phelps County,13,"",741
13115,Floyd County,24,"",742
41019,Douglas County,20,"",743
35005,Chaves County,48,"",744
35027,Lincoln County,48,"",745
05115,Pope County,31,"",746
05149,Yell County,31,"",746
22049,Jackson Parish,52,"",747
22061,Lincoln Parish,52,"",747
50021,Rutland County,41,"",748
06017,El Dorado County,42,"",749
06061,Placer County,42,"",749
06067,Sacramento County,42,"",749
06113,Yolo County,42,"",749
04009,Graham County,17,"",750
04011,Greenlee County,17,"",750
26145,Saginaw County,35,"",751
27009,Benton County,11,"",752
27145,Stearns County,11,"",752
49053,Washington County,45,"",753
20043,Doniphan County,43,"",754
29003,Andrew County,13,"",754
29021,Buchanan County,13,"",754
29063,DeKalb County,13,"",754
17005,Bond County,19,"",755
17013,Calhoun County,19,"",755
17027,Clinton County,19,"",755
17083,Jersey County,19,"",755
17117,Macoupin County,19,"",755
17119,Madison County,19,"",755
17133,Monroe County,19,"",755
17163,St. Clair County,19,"",755
29055,Crawford County,13,"",755
29071,Franklin County,13,"",755
29099,Jefferson County,13,"",755
29113,Lincoln County,13,"",755
29183,St. Charles County,13,"",755
29189,St. Louis County,13,"",755
29219,Warren County,13,"",755
29221,Washington County,13,"",755
29510,St. Louis city,13,"",755
13039,Camden County,24,"",756
42047,Elk County,34,"",757
41047,Marion County,20,"",758
41053,Polk County,20,"",758
20143,Ottawa County,43,"",759
20169,Saline County,43,"",759
06053,Monterey County,42,"",760
24039,Somerset County,10,"",761
24045,Wicomico County,10,"",761
37159,Rowan County,50,"",762
49035,Salt Lake County,45,"",763
49043,Summit County,45,"",763
49045,Tooele County,45,"",763
48235,Irion County,25,"",764
48451,Tom Green County,25,"",764
48013,Atascosa County,25,"",765
48019,Bandera County,25,"",765
48029,Bexar County,25,"",765
48091,Comal County,25,"",765
48187,Guadalupe County,25,"",765
48259,Kendall County,25,"",765
48325,Medina County,25,"",765
48493,Wilson County,25,"",765
06073,San Diego County,42,"",766
39043,Erie County,21,"",767
37105,Lee County,50,"",768
06001,Alameda County,42,36084,769
06013,Contra Costa County,42,36084,769
06041,Marin County,42,41884,769
06075,San Francisco County,42,41884,769
06081,San Mateo County,42,41884,769
72023,Cabo Rojo Municipio,16,"",770
72079,Lajas Municipio,16,"",770
72121,Sabana Grande Municipio,16,"",770
72125,San Germán Municipio,16,"",770
06069,San Benito County,42,"",771
06085,Santa Clara County,42,"",771
72007,Aguas Buenas Municipio,16,"",772
72009,Aibonito Municipio,16,"",772
72013,Arecibo Municipio,16,"",772
72017,Barceloneta Municipio,16,"",772
72019,Barranquitas Municipio,16,"",772
72021,Bayamón Municipio,16,"",772
72025,Caguas Municipio,16,"",772
72027,Camuy Municipio,16,"",772
72029,Canóvanas Municipio,16,"",772
72031,Carolina Municipio,16,"",772
72033,Cataño Municipio,16,"",772
72035,Cayey Municipio,16,"",772
72039,Ciales Municipio,16,"",772
72041,Cidra Municipio,16,"",772
72045,Comerío Municipio,16,"",772
72047,Corozal Municipio,16,"",772
72051,Dorado Municipio,16,"",772
72054,Florida Municipio,16,"",772
72061,Guaynabo Municipio,16,"",772
72063,Gurabo Municipio,16,"",772
72065,Hatillo Municipio,16,"",772
72069,Humacao Municipio,16,"",772
72077,Juncos Municipio,16,"",772
72085,Las Piedras Municipio,16,"",772
72087,Loíza Municipio,16,"",772
72091,Manatí Municipio,16,"",772
72095,Maunabo Municipio,16,"",772
72101,Morovis Municipio,16,"",772
72103,Naguabo Municipio,16,"",772
72105,Naranjito Municipio,16,"",772
72107,Orocovis Municipio,16,"",772
72115,Quebradillas Municipio,16,"",772
72119,Río Grande Municipio,16,"",772
72127,San Juan Municipio,16,"",772
72129,San Lorenzo Municipio,16,"",772
72135,Toa Alta Municipio,16,"",772
72137,Toa Baja Municipio,16,"",772
72139,Trujillo Alto Municipio,16,"",772
72143,Vega Alta Municipio,16,"",772
72145,Vega Baja Municipio,16,"",772
72151,Yabucoa Municipio,16,"",772
06079,San Luis Obispo County,42,"",773
06083,Santa Barbara County,42,"",774
06087,Santa Cruz County,42,"",775
35049,Santa Fe County,48,"",776
72133,Santa Isabel Municipio,16,"",777
06097,Sonoma County,42,"",778
26033,Chippewa County,35,"",779
13029,Bryan County,24,"",780
13051,Chatham County,24,"",780
13103,Effingham County,24,"",780
42015,Bradford County,34,"",781
31007,Banner County,9,"",782
31157,Scotts Bluff County,9,"",782
01071,Jackson County,3,"",783
18143,Scott County,28,"",784
42069,Lackawanna County,34,"",785
42079,Luzerne County,34,"",785
42131,Wyoming County,34,"",785
10005,Sussex County,7,"",786
05145,White County,31,"",787
53033,King County,51,42644,788
53061,Snohomish County,51,42644,788
53053,Pierce County,51,45104,788
12061,Indian River County,32,"",789
12055,Highlands County,32,"",790
29159,Pettis County,13,"",791
42109,Snyder County,34,"",792
01047,Dallas County,3,"",793
45073,Oconee County,27,"",794
36099,Seneca County,4,"",795
47155,Sevier County,23,"",796
18071,Jackson County,28,"",797
40125,Pottawatomie County,36,"",798
55117,Sheboygan County,39,"",799
37045,Cleveland County,50,"",800
47003,Bedford County,23,"",801
53045,Mason County,51,"",802
56033,Sheridan County,12,"",803
48181,Grayson County,25,"",804
04017,Navajo County,17,"",805
22015,Bossier Parish,52,"",806
22017,Caddo Parish,52,"",806
22031,De Soto Parish,52,"",806
39149,Shelby County,21,"",807
04003,Cochise County,17,"",808
29201,Scott County,13,"",809
35017,Grant County,48,"",810
08117,Summit County,8,"",811
19193,Woodbury County,15,"",812
31043,Dakota County,9,"",812
31051,Dixon County,9,"",812
46127,Union County,37,"",812
46083,Lincoln County,37,"",813
46087,McCook County,37,"",813
46099,Minnehaha County,37,"",813
46125,Turner County,37,"",813
48415,Scurry County,25,"",814
21199,Pulaski County,18,"",815
42111,Somerset County,34,"",816
18141,St. Joseph County,28,"",817
26027,Cass County,35,"",817
37125,Moore County,50,"",818
45083,Spartanburg County,27,"",819
46081,Lawrence County,37,"",820
19041,Clay County,15,"",821
19059,Dickinson County,15,"",822
53063,Spokane County,51,"",823
17129,Menard County,19,"",824
17167,Sangamon County,19,"",824
25011,Franklin County,47,"",825
25013,Hampden County,47,"",825
25015,Hampshire County,47,"",825
29043,Christian County,13,"",826
29059,Dallas County,13,"",826
29077,Greene County,13,"",826
29167,Polk County,13,"",826
29225,Webster County,13,"",826
39023,Clark County,21,"",827
28105,Oktibbeha County,29,"",828
42027,Centre County,34,"",829
13031,Bulloch County,24,"",830
37097,Iredell County,50,"",831
51015,Augusta County,1,"",832
51790,Staunton city,1,"",832
51820,Waynesboro city,1,"",832
48143,Erath County,25,"",833
08075,Logan County,8,"",834
17195,Whiteside County,19,"",835
55097,Portage County,39,"",836
40119,Payne County,36,"",837
06077,San Joaquin County,42,"",838
19021,Buena Vista County,15,"",839
26149,St. Joseph County,35,"",840
48223,Hopkins County,25,"",841
13055,Chattooga County,24,"",842
45085,Sumter County,27,"",843
42097,Northumberland County,34,"",844
06035,Lassen County,42,"",845
48353,Nolan County,25,"",846
36053,Madison County,4,"",847
36067,Onondaga County,4,"",847
36075,Oswego County,4,"",847
40021,Cherokee County,36,"",848
01121,Talladega County,3,"",849
12039,Gadsden County,32,"",850
12065,Jefferson County,32,"",850
12073,Leon County,32,"",850
12129,Wakulla County,32,"",850
22065,Madison Parish,52,"",851
12053,Hernando County,32,"",852
12057,Hillsborough County,32,"",852
12101,Pasco County,32,"",852
12103,Pinellas County,32,"",852
35055,Taos County,48,"",853
17021,Christian County,19,"",854
18021,Clay County,28,"",855
18153,Sullivan County,28,"",855
18165,Vermillion County,28,"",855
18167,Vigo County,28,"",855
05091,Miller County,31,"",856
48037,Bowie County,25,"",856
41065,Wasco County,20,"",857
12119,Sumter County,32,"",858
13293,Upson County,24,"",859
13275,Thomas County,24,"",860
37057,Davidson County,50,"",861
39147,Seneca County,21,"",862
13277,Tift County,24,"",863
13257,Stephens County,24,"",864
39051,Fulton County,21,"",865
39095,Lucas County,21,"",865
39123,Ottawa County,21,"",865
39173,Wood County,21,"",865
20085,Jackson County,43,"",866
20087,Jefferson County,43,"",866
20139,Osage County,43,"",866
20177,Shawnee County,43,"",866
20197,Wabaunsee County,43,"",866
09005,Litchfield County,30,"",867
26019,Benzie County,35,"",868
26055,Grand Traverse County,35,"",868
26079,Kalkaska County,35,"",868
26089,Leelanau County,35,"",868
34021,Mercer County,33,"",869
01109,Pike County,3,"",870
06057,Nevada County,42,"",871
04019,Pima County,17,"",872
47031,Coffee County,23,"",873
47051,Franklin County,23,"",873
47127,Moore County,23,"",873
40037,Creek County,36,"",874
40111,Okmulgee County,36,"",874
40113,Osage County,36,"",874
40117,Pawnee County,36,"",874
40131,Rogers County,36,"",874
40143,Tulsa County,36,"",874
40145,Wagoner County,36,"",874
28057,Itawamba County,29,"",875
28081,Lee County,29,"",875
28115,Pontotoc County,29,"",875
01063,Greene County,3,"",876
01065,Hale County,3,"",876
01125,Tuscaloosa County,3,"",876
01087,Macon County,3,"",877
16053,Jerome County,26,"",878
16083,Twin Falls County,26,"",878
48423,Smith County,25,"",879
06045,Mendocino County,42,"",880
45087,Union County,27,"",881
21075,Fulton County,18,"",882
47131,Obion County,23,"",882
39021,Champaign County,21,"",883
36043,Herkimer County,4,"",884
36065,Oneida County,4,"",884
72141,Utuado Municipio,16,"",885
48463,Uvalde County,25,"",886
13027,Brooks County,24,"",887
13101,Echols County,24,"",887
13173,Lanier County,24,"",887
13185,Lowndes County,24,"",887
06095,Solano County,42,"",888
01017,Chambers County,3,"",889
39161,Van Wert County,21,"",890
46027,Clay County,37,"",891
49047,Uintah County,45,"",892
48487,Wilbarger County,25,"",893
28149,Warren County,29,"",894
48057,Calhoun County,25,"",895
48175,Goliad County,25,"",895
48469,Victoria County,25,"",895
13209,Montgomery County,24,"",896
13279,Toombs County,24,"",896
18083,Knox County,28,"",897
34011,Cumberland County,33,"",898
37053,Currituck County,50,"",899
51073,Gloucester County,1,"",899
51093,Isle of Wight County,1,"",899
51095,James City County,1,"",899
51115,Mathews County,1,"",899
51181,Surry County,1,"",899
51199,York County,1,"",899
51550,Chesapeake city,1,"",899
51650,Hampton city,1,"",899
51700,Newport News city,1,"",899
51710,Norfolk city,1,"",899
51735,Poquoson city,1,"",899
51740,Portsmouth city,1,"",899
51800,Suffolk city,1,"",899
51810,Virginia Beach city,1,"",899
51830,Williamsburg city,1,"",899
06107,Tulare County,42,"",900
18169,Wabash County,28,"",901
48309,McLennan County,25,"",902
27167,Wilkin County,11,"",903
38077,Richland County,2,"",903
53071,Walla Walla County,51,"",904
45029,Colleton County,27,"",905
39011,Auglaize County,21,"",906
13153,Houston County,24,"",907
42123,Warren County,34,"",908
29101,Johnson County,13,"",909
18085,Kosciusko County,28,"",910
18027,Daviess County,28,"",911
37013,Beaufort County,50,"",912
24021,Frederick County,10,13644,913
24031,Montgomery County,10,13644,913
11001,District of Columbia,44,47894,913
24009,Calvert County,10,47894,913
24017,Charles County,10,47894,913
24033,Prince George's County,10,47894,913
51013,Arlington County,1,47894,913
51043,Clarke County,1,47894,913
51059,Fairfax County,1,47894,913
51061,Fauquier County,1,47894,913
51107,Loudoun County,1,47894,913
51153,Prince William County,1,47894,913
51177,Spotsylvania County,1,47894,913
51179,Stafford County,1,47894,913
51187,Warren County,1,47894,913
51510,Alexandria city,1,47894,913
51600,Fairfax city,1,47894,913
51610,Falls Church city,1,47894,913
51630,Fredericksburg city,1,47894,913
51683,Manassas city,1,47894,913
51685,Manassas Park city,1,47894,913
54037,Jefferson County,46,47894,913
39047,Fayette County,21,"",914
19013,Black Hawk County,15,"",915
19017,Bremer County,15,"",915
19075,Grundy County,15,"",915
46029,Codington County,37,"",916
46057,Hamlin County,37,"",916
55055,Jefferson County,39,"",917
36045,Jefferson County,4,"",918
12049,Hardee County,32,"",919
55073,Marathon County,39,"",920
13229,Pierce County,24,"",921
13299,Ware County,24,"",921
39081,Jefferson County,21,"",922
54009,Brooke County,46,"",922
54029,Hancock County,46,"",922
53007,Chelan County,51,"",923
53017,Douglas County,51,"",923
29091,Howell County,13,"",924
28025,Clay County,29,"",925
39013,Belmont County,21,"",926
54051,Marshall County,46,"",926
54069,Ohio County,46,"",926
55127,Walworth County,39,"",927
20015,Butler County,43,"",928
20079,Harvey County,43,"",928
20173,Sedgwick County,43,"",928
20191,Sumner County,43,"",928
48009,Archer County,25,"",929
48077,Clay County,25,"",929
48485,Wichita County,25,"",929
42081,Lycoming County,34,"",930
09015,Windham County,30,"",931
38105,Williams County,2,"",932
27067,Kandiyohi County,11,"",933
37019,Brunswick County,50,"",934
37129,New Hanover County,50,"",934
37141,Pender County,50,"",934
39027,Clinton County,21,"",935
37195,Wilson County,50,"",936
51069,Frederick County,1,"",937
51840,Winchester city,1,"",937
54027,Hampshire County,46,"",937
20035,Cowley County,43,"",938
27169,Winona County,11,"",939
37059,Davie County,50,"",940
37067,Forsyth County,50,"",940
37169,Stokes County,50,"",940
37197,Yadkin County,50,"",940
40153,Woodward County,36,"",941
39169,Wayne County,21,"",942
25027,Worcester County,47,"",943
27105,Nobles County,11,"",944
53077,Yakima County,51,"",945
46135,Yankton County,37,"",946
72055,Guánica Municipio,16,"",947
72059,Guayanilla Municipio,16,"",947
72111,Peñuelas Municipio,16,"",947
72153,Yauco Municipio,16,"",947
28163,Yazoo County,29,"",948
42133,York County,34,"",949
39099,Mahoning County,21,"",950
39155,Trumbull County,21,"",950
42085,Mercer County,34,"",950
06101,Sutter County,42,"",951
06115,Yuba County,42,"",951
04027,Yuma County,17,"",952
39119,Muskingum County,21,"",953
