id,description,msa
1,"Abbeville, LA Micropolitan Statistical Area",10020
2,"Aberdeen, SD Micropolitan Statistical Area",10100
3,"Aberdeen, WA Micropolitan Statistical Area",10140
4,"Abilene, TX Metropolitan Statistical Area",10180
5,"Ada, OK Micropolitan Statistical Area",10220
6,"Adjuntas, PR Micropolitan Statistical Area",10260
7,"Adrian, MI Micropolitan Statistical Area",10300
8,"Aguadilla-Isabela-San Sebastián, PR Metropolitan Statistical Area",10380
9,"Akron, OH Metropolitan Statistical Area",10420
10,"Alamogordo, NM Micropolitan Statistical Area",10460
11,"Albany, GA Metropolitan Statistical Area",10500
12,"Albany-Lebanon, OR Micropolitan Statistical Area",10540
13,"Albany-Schenectady-Troy, NY Metropolitan Statistical Area",10580
14,"Albemarle, NC Micropolitan Statistical Area",10620
15,"Albert Lea, MN Micropolitan Statistical Area",10660
16,"Albertville, AL Micropolitan Statistical Area",10700
17,"Albuquerque, NM Metropolitan Statistical Area",10740
18,"Alexander City, AL Micropolitan Statistical Area",10760
19,"Alexandria, LA Metropolitan Statistical Area",10780
20,"Alexandria, MN Micropolitan Statistical Area",10820
21,"Alice, TX Micropolitan Statistical Area",10860
22,"Allegan, MI Micropolitan Statistical Area",10880
23,"Allentown-Bethlehem-Easton, PA-NJ Metropolitan Statistical Area",10900
24,"Alma, MI Micropolitan Statistical Area",10940
25,"Alpena, MI Micropolitan Statistical Area",10980
26,"Altoona, PA Metropolitan Statistical Area",11020
27,"Altus, OK Micropolitan Statistical Area",11060
28,"Amarillo, TX Metropolitan Statistical Area",11100
29,"Americus, GA Micropolitan Statistical Area",11140
30,"Ames, IA Metropolitan Statistical Area",11180
31,"Amsterdam, NY Micropolitan Statistical Area",11220
32,"Anchorage, AK Metropolitan Statistical Area",11260
33,"Anderson, IN Metropolitan Statistical Area",11300
34,"Anderson, SC Metropolitan Statistical Area",11340
35,"Andrews, TX Micropolitan Statistical Area",11380
36,"Angola, IN Micropolitan Statistical Area",11420
37,"Ann Arbor, MI Metropolitan Statistical Area",11460
38,"Anniston-Oxford, AL Metropolitan Statistical Area",11500
39,"Appleton, WI Metropolitan Statistical Area",11540
40,"Arcadia, FL Micropolitan Statistical Area",11580
41,"Ardmore, OK Micropolitan Statistical Area",11620
42,"Arkadelphia, AR Micropolitan Statistical Area",11660
43,"Asheville, NC Metropolitan Statistical Area",11700
44,"Ashland, OH Micropolitan Statistical Area",11740
45,"Ashtabula, OH Micropolitan Statistical Area",11780
46,"Astoria, OR Micropolitan Statistical Area",11820
47,"Atchison, KS Micropolitan Statistical Area",11860
48,"Athens, OH Micropolitan Statistical Area",11900
49,"Athens, TN Micropolitan Statistical Area",11940
50,"Athens, TX Micropolitan Statistical Area",11980
51,"Athens-Clarke County, GA Metropolitan Statistical Area",12020
52,"Atlanta-Sandy Springs-Marietta, GA Metropolitan Statistical Area",12060
53,"Atlantic City-Hammonton, NJ Metropolitan Statistical Area",12100
54,"Auburn, IN Micropolitan Statistical Area",12140
55,"Auburn, NY Micropolitan Statistical Area",12180
56,"Auburn-Opelika, AL Metropolitan Statistical Area",12220
57,"Augusta-Richmond County, GA-SC Metropolitan Statistical Area",12260
58,"Augusta-Waterville, ME Micropolitan Statistical Area",12300
59,"Austin, MN Micropolitan Statistical Area",12380
60,"Austin-Round Rock, TX Metropolitan Statistical Area",12420
61,"Bainbridge, GA Micropolitan Statistical Area",12460
62,"Bakersfield, CA Metropolitan Statistical Area",12540
63,"Baltimore-Towson, MD Metropolitan Statistical Area",12580
64,"Bangor, ME Metropolitan Statistical Area",12620
65,"Baraboo, WI Micropolitan Statistical Area",12660
66,"Barnstable Town, MA Metropolitan Statistical Area",12700
67,"Barre, VT Micropolitan Statistical Area",12740
68,"Bartlesville, OK Micropolitan Statistical Area",12780
69,"Bastrop, LA Micropolitan Statistical Area",12820
70,"Batavia, NY Micropolitan Statistical Area",12860
71,"Batesville, AR Micropolitan Statistical Area",12900
72,"Baton Rouge, LA Metropolitan Statistical Area",12940
73,"Battle Creek, MI Metropolitan Statistical Area",12980
74,"Bay City, MI Metropolitan Statistical Area",13020
75,"Bay City, TX Micropolitan Statistical Area",13060
76,"Beatrice, NE Micropolitan Statistical Area",13100
77,"Beaumont-Port Arthur, TX Metropolitan Statistical Area",13140
78,"Beaver Dam, WI Micropolitan Statistical Area",13180
79,"Beckley, WV Micropolitan Statistical Area",13220
80,"Bedford, IN Micropolitan Statistical Area",13260
81,"Beeville, TX Micropolitan Statistical Area",13300
82,"Bellefontaine, OH Micropolitan Statistical Area",13340
83,"Bellingham, WA Metropolitan Statistical Area",13380
84,"Bemidji, MN Micropolitan Statistical Area",13420
85,"Bend, OR Metropolitan Statistical Area",13460
86,"Bennettsville, SC Micropolitan Statistical Area",13500
87,"Bennington, VT Micropolitan Statistical Area",13540
88,"Berlin, NH-VT Micropolitan Statistical Area",13620
89,"Big Rapids, MI Micropolitan Statistical Area",13660
90,"Big Spring, TX Micropolitan Statistical Area",13700
91,"Billings, MT Metropolitan Statistical Area",13740
92,"Binghamton, NY Metropolitan Statistical Area",13780
93,"Birmingham-Hoover, AL Metropolitan Statistical Area",13820
94,"Bishop, CA Micropolitan Statistical Area",13860
95,"Bismarck, ND Metropolitan Statistical Area",13900
96,"Blackfoot, ID Micropolitan Statistical Area",13940
97,"Blacksburg-Christiansburg-Radford, VA Metropolitan Statistical Area",13980
98,"Bloomington, IN Metropolitan Statistical Area",14020
99,"Bloomington-Normal, IL Metropolitan Statistical Area",14060
100,"Bloomsburg-Berwick, PA Micropolitan Statistical Area",14100
101,"Bluefield, WV-VA Micropolitan Statistical Area",14140
102,"Blytheville, AR Micropolitan Statistical Area",14180
103,"Bogalusa, LA Micropolitan Statistical Area",14220
104,"Boise City-Nampa, ID Metropolitan Statistical Area",14260
105,"Bonham, TX Micropolitan Statistical Area",14300
106,"Boone, IA Micropolitan Statistical Area",14340
107,"Boone, NC Micropolitan Statistical Area",14380
108,"Borger, TX Micropolitan Statistical Area",14420
109,"Boston-Cambridge-Quincy, MA-NH Metropolitan Statistical Area",14460
110,"Boulder, CO Metropolitan Statistical Area",14500
111,"Bowling Green, KY Metropolitan Statistical Area",14540
112,"Bozeman, MT Micropolitan Statistical Area",14580
113,"Bradenton-Sarasota-Venice, FL Metropolitan Statistical Area",14600
114,"Bradford, PA Micropolitan Statistical Area",14620
115,"Brainerd, MN Micropolitan Statistical Area",14660
116,"Branson, MO Micropolitan Statistical Area",14700
117,"Bremerton-Silverdale, WA Metropolitan Statistical Area",14740
118,"Brenham, TX Micropolitan Statistical Area",14780
119,"Brevard, NC Micropolitan Statistical Area",14820
120,"Bridgeport-Stamford-Norwalk, CT Metropolitan Statistical Area",14860
121,"Brigham City, UT Micropolitan Statistical Area",14940
122,"Brookhaven, MS Micropolitan Statistical Area",15020
123,"Brookings, OR Micropolitan Statistical Area",15060
124,"Brookings, SD Micropolitan Statistical Area",15100
125,"Brownsville, TN Micropolitan Statistical Area",15140
126,"Brownsville-Harlingen, TX Metropolitan Statistical Area",15180
127,"Brownwood, TX Micropolitan Statistical Area",15220
128,"Brunswick, GA Metropolitan Statistical Area",15260
129,"Bucyrus, OH Micropolitan Statistical Area",15340
130,"Buffalo-Niagara Falls, NY Metropolitan Statistical Area",15380
131,"Burley, ID Micropolitan Statistical Area",15420
132,"Burlington, IA-IL Micropolitan Statistical Area",15460
133,"Burlington, NC Metropolitan Statistical Area",15500
134,"Burlington-South Burlington, VT Metropolitan Statistical Area",15540
135,"Butte-Silver Bow, MT Micropolitan Statistical Area",15580
136,"Cadillac, MI Micropolitan Statistical Area",15620
137,"Calhoun, GA Micropolitan Statistical Area",15660
138,"Cambridge, MD Micropolitan Statistical Area",15700
139,"Cambridge, OH Micropolitan Statistical Area",15740
140,"Camden, AR Micropolitan Statistical Area",15780
141,"Campbellsville, KY Micropolitan Statistical Area",15820
142,"Canon City, CO Micropolitan Statistical Area",15860
143,"Canton, IL Micropolitan Statistical Area",15900
144,"Canton-Massillon, OH Metropolitan Statistical Area",15940
145,"Cape Coral-Fort Myers, FL Metropolitan Statistical Area",15980
146,"Cape Girardeau-Jackson, MO-IL Metropolitan Statistical Area",16020
147,"Carbondale, IL Micropolitan Statistical Area",16060
148,"Carlsbad-Artesia, NM Micropolitan Statistical Area",16100
149,"Carson City, NV Metropolitan Statistical Area",16180
150,"Casper, WY Metropolitan Statistical Area",16220
151,"Cedar City, UT Micropolitan Statistical Area",16260
152,"Cedar Rapids, IA Metropolitan Statistical Area",16300
153,"Cedartown, GA Micropolitan Statistical Area",16340
154,"Celina, OH Micropolitan Statistical Area",16380
155,"Central City, KY Micropolitan Statistical Area",16420
156,"Centralia, IL Micropolitan Statistical Area",16460
157,"Centralia, WA Micropolitan Statistical Area",16500
158,"Chambersburg, PA Micropolitan Statistical Area",16540
159,"Champaign-Urbana, IL Metropolitan Statistical Area",16580
160,"Charleston, WV Metropolitan Statistical Area",16620
161,"Charleston-Mattoon, IL Micropolitan Statistical Area",16660
162,"Charleston-North Charleston-Summerville, SC Metropolitan Statistical Area",16700
163,"Charlotte-Gastonia-Concord, NC-SC Metropolitan Statistical Area",16740
164,"Charlottesville, VA Metropolitan Statistical Area",16820
165,"Chattanooga, TN-GA Metropolitan Statistical Area",16860
166,"Chester, SC Micropolitan Statistical Area",16900
167,"Cheyenne, WY Metropolitan Statistical Area",16940
168,"Chicago-Naperville-Joliet, IL-IN-WI Metropolitan Statistical Area",16980
169,"Chico, CA Metropolitan Statistical Area",17020
170,"Chillicothe, OH Micropolitan Statistical Area",17060
171,"Cincinnati-Middletown, OH-KY-IN Metropolitan Statistical Area",17140
172,"Claremont, NH Micropolitan Statistical Area",17200
173,"Clarksburg, WV Micropolitan Statistical Area",17220
174,"Clarksdale, MS Micropolitan Statistical Area",17260
175,"Clarksville, TN-KY Metropolitan Statistical Area",17300
176,"Clearlake, CA Micropolitan Statistical Area",17340
177,"Cleveland, MS Micropolitan Statistical Area",17380
178,"Cleveland, TN Metropolitan Statistical Area",17420
179,"Cleveland-Elyria-Mentor, OH Metropolitan Statistical Area",17460
180,"Clewiston, FL Micropolitan Statistical Area",17500
181,"Clinton, IA Micropolitan Statistical Area",17540
182,"Clovis, NM Micropolitan Statistical Area",17580
183,"Coamo, PR Micropolitan Statistical Area",17620
184,"Coeur d'Alene, ID Metropolitan Statistical Area",17660
185,"Coffeyville, KS Micropolitan Statistical Area",17700
186,"Coldwater, MI Micropolitan Statistical Area",17740
187,"College Station-Bryan, TX Metropolitan Statistical Area",17780
188,"Colorado Springs, CO Metropolitan Statistical Area",17820
189,"Columbia, MO Metropolitan Statistical Area",17860
190,"Columbia, SC Metropolitan Statistical Area",17900
191,"Columbia, TN Micropolitan Statistical Area",17940
192,"Columbus, GA-AL Metropolitan Statistical Area",17980
193,"Columbus, IN Metropolitan Statistical Area",18020
194,"Columbus, MS Micropolitan Statistical Area",18060
195,"Columbus, NE Micropolitan Statistical Area",18100
196,"Columbus, OH Metropolitan Statistical Area",18140
197,"Concord, NH Micropolitan Statistical Area",18180
198,"Connersville, IN Micropolitan Statistical Area",18220
199,"Cookeville, TN Micropolitan Statistical Area",18260
200,"Coos Bay, OR Micropolitan Statistical Area",18300
201,"Corbin, KY Micropolitan Statistical Area",18340
202,"Cordele, GA Micropolitan Statistical Area",18380
203,"Corinth, MS Micropolitan Statistical Area",18420
204,"Cornelia, GA Micropolitan Statistical Area",18460
205,"Corning, NY Micropolitan Statistical Area",18500
206,"Corpus Christi, TX Metropolitan Statistical Area",18580
207,"Corsicana, TX Micropolitan Statistical Area",18620
208,"Cortland, NY Micropolitan Statistical Area",18660
209,"Corvallis, OR Metropolitan Statistical Area",18700
210,"Coshocton, OH Micropolitan Statistical Area",18740
211,"Crawfordsville, IN Micropolitan Statistical Area",18820
212,"Crescent City, CA Micropolitan Statistical Area",18860
213,"Crossville, TN Micropolitan Statistical Area",18900
214,"Crowley, LA Micropolitan Statistical Area",18940
215,"Cullman, AL Micropolitan Statistical Area",18980
216,"Culpeper, VA Micropolitan Statistical Area",19020
217,"Cumberland, MD-WV Metropolitan Statistical Area",19060
218,"Dallas-Fort Worth-Arlington, TX Metropolitan Statistical Area",19100
219,"Dalton, GA Metropolitan Statistical Area",19140
220,"Danville, IL Metropolitan Statistical Area",19180
221,"Danville, KY Micropolitan Statistical Area",19220
222,"Danville, VA Metropolitan Statistical Area",19260
223,"Daphne-Fairhope-Foley, AL Micropolitan Statistical Area",19300
224,"Davenport-Moline-Rock Island, IA-IL Metropolitan Statistical Area",19340
225,"Dayton, OH Metropolitan Statistical Area",19380
226,"Decatur, AL Metropolitan Statistical Area",19460
227,"Decatur, IL Metropolitan Statistical Area",19500
228,"Decatur, IN Micropolitan Statistical Area",19540
229,"Defiance, OH Micropolitan Statistical Area",19580
230,"Del Rio, TX Micropolitan Statistical Area",19620
231,"Deltona-Daytona Beach-Ormond Beach, FL Metropolitan Statistical Area",19660
232,"Deming, NM Micropolitan Statistical Area",19700
233,"Denver-Aurora-Broomfield, CO Metropolitan Statistical Area",19740
234,"De Ridder, LA Micropolitan Statistical Area",19760
235,"Des Moines-West Des Moines, IA Metropolitan Statistical Area",19780
236,"Detroit-Warren-Livonia, MI Metropolitan Statistical Area",19820
237,"Dickinson, ND Micropolitan Statistical Area",19860
238,"Dillon, SC Micropolitan Statistical Area",19900
239,"Dixon, IL Micropolitan Statistical Area",19940
240,"Dodge City, KS Micropolitan Statistical Area",19980
241,"Dothan, AL Metropolitan Statistical Area",20020
242,"Douglas, GA Micropolitan Statistical Area",20060
243,"Dover, DE Metropolitan Statistical Area",20100
244,"Dublin, GA Micropolitan Statistical Area",20140
245,"DuBois, PA Micropolitan Statistical Area",20180
246,"Dubuque, IA Metropolitan Statistical Area",20220
247,"Duluth, MN-WI Metropolitan Statistical Area",20260
248,"Dumas, TX Micropolitan Statistical Area",20300
249,"Duncan, OK Micropolitan Statistical Area",20340
250,"Dunn, NC Micropolitan Statistical Area",20380
251,"Durango, CO Micropolitan Statistical Area",20420
252,"Durant, OK Micropolitan Statistical Area",20460
253,"Durham-Chapel Hill, NC Metropolitan Statistical Area",20500
254,"Dyersburg, TN Micropolitan Statistical Area",20540
255,"Eagle Pass, TX Micropolitan Statistical Area",20580
256,"East Liverpool-Salem, OH Micropolitan Statistical Area",20620
257,"Easton, MD Micropolitan Statistical Area",20660
258,"East Stroudsburg, PA Micropolitan Statistical Area",20700
259,"Eau Claire, WI Metropolitan Statistical Area",20740
260,"Edwards, CO Micropolitan Statistical Area",20780
261,"Effingham, IL Micropolitan Statistical Area",20820
262,"El Campo, TX Micropolitan Statistical Area",20900
263,"El Centro, CA Metropolitan Statistical Area",20940
264,"El Dorado, AR Micropolitan Statistical Area",20980
265,"Elizabeth City, NC Micropolitan Statistical Area",21020
266,"Elizabethtown, KY Metropolitan Statistical Area",21060
267,"Elk City, OK Micropolitan Statistical Area",21120
268,"Elkhart-Goshen, IN Metropolitan Statistical Area",21140
269,"Elko, NV Micropolitan Statistical Area",21220
270,"Ellensburg, WA Micropolitan Statistical Area",21260
271,"Elmira, NY Metropolitan Statistical Area",21300
272,"El Paso, TX Metropolitan Statistical Area",21340
273,"Emporia, KS Micropolitan Statistical Area",21380
274,"Enid, OK Micropolitan Statistical Area",21420
275,"Enterprise-Ozark, AL Micropolitan Statistical Area",21460
276,"Erie, PA Metropolitan Statistical Area",21500
277,"Escanaba, MI Micropolitan Statistical Area",21540
278,"Espanola, NM Micropolitan Statistical Area",21580
279,"Eufaula, AL-GA Micropolitan Statistical Area",21640
280,"Eugene-Springfield, OR Metropolitan Statistical Area",21660
281,"Eureka-Arcata-Fortuna, CA Micropolitan Statistical Area",21700
282,"Evanston, WY Micropolitan Statistical Area",21740
283,"Evansville, IN-KY Metropolitan Statistical Area",21780
284,"Fairbanks, AK Metropolitan Statistical Area",21820
285,"Fairmont, MN Micropolitan Statistical Area",21860
286,"Fairmont, WV Micropolitan Statistical Area",21900
287,"Fajardo, PR Metropolitan Statistical Area",21940
288,"Fallon, NV Micropolitan Statistical Area",21980
289,"Fargo, ND-MN Metropolitan Statistical Area",22020
290,"Faribault-Northfield, MN Micropolitan Statistical Area",22060
291,"Farmington, MO Micropolitan Statistical Area",22100
292,"Farmington, NM Metropolitan Statistical Area",22140
293,"Fayetteville, NC Metropolitan Statistical Area",22180
294,"Fayetteville-Springdale-Rogers, AR-MO Metropolitan Statistical Area",22220
295,"Fergus Falls, MN Micropolitan Statistical Area",22260
296,"Fernley, NV Micropolitan Statistical Area",22280
297,"Findlay, OH Micropolitan Statistical Area",22300
298,"Fitzgerald, GA Micropolitan Statistical Area",22340
299,"Flagstaff, AZ Metropolitan Statistical Area",22380
300,"Flint, MI Metropolitan Statistical Area",22420
301,"Florence, SC Metropolitan Statistical Area",22500
302,"Florence-Muscle Shoals, AL Metropolitan Statistical Area",22520
303,"Fond du Lac, WI Metropolitan Statistical Area",22540
304,"Forest City, NC Micropolitan Statistical Area",22580
305,"Forrest City, AR Micropolitan Statistical Area",22620
306,"Fort Collins-Loveland, CO Metropolitan Statistical Area",22660
307,"Fort Dodge, IA Micropolitan Statistical Area",22700
308,"Fort Leonard Wood, MO Micropolitan Statistical Area",22780
309,"Fort Madison-Keokuk, IA-MO Micropolitan Statistical Area",22800
310,"Fort Morgan, CO Micropolitan Statistical Area",22820
311,"Fort Payne, AL Micropolitan Statistical Area",22840
312,"Fort Polk South, LA Micropolitan Statistical Area",22860
313,"Fort Smith, AR-OK Metropolitan Statistical Area",22900
314,"Fort Valley, GA Micropolitan Statistical Area",22980
315,"Fort Walton Beach-Crestview-Destin, FL Metropolitan Statistical Area",23020
316,"Fort Wayne, IN Metropolitan Statistical Area",23060
317,"Frankfort, IN Micropolitan Statistical Area",23140
318,"Frankfort, KY Micropolitan Statistical Area",23180
319,"Fredericksburg, TX Micropolitan Statistical Area",23240
320,"Freeport, IL Micropolitan Statistical Area",23300
321,"Fremont, NE Micropolitan Statistical Area",23340
322,"Fremont, OH Micropolitan Statistical Area",23380
323,"Fresno, CA Metropolitan Statistical Area",23420
324,"Gadsden, AL Metropolitan Statistical Area",23460
325,"Gaffney, SC Micropolitan Statistical Area",23500
326,"Gainesville, FL Metropolitan Statistical Area",23540
327,"Gainesville, GA Metropolitan Statistical Area",23580
328,"Gainesville, TX Micropolitan Statistical Area",23620
329,"Galesburg, IL Micropolitan Statistical Area",23660
330,"Gallup, NM Micropolitan Statistical Area",23700
331,"Garden City, KS Micropolitan Statistical Area",23780
332,"Gardnerville Ranchos, NV Micropolitan Statistical Area",23820
333,"Georgetown, SC Micropolitan Statistical Area",23860
334,"Gettysburg, PA Micropolitan Statistical Area",23900
335,"Gillette, WY Micropolitan Statistical Area",23940
336,"Glasgow, KY Micropolitan Statistical Area",23980
337,"Glens Falls, NY Metropolitan Statistical Area",24020
338,"Gloversville, NY Micropolitan Statistical Area",24100
339,"Goldsboro, NC Metropolitan Statistical Area",24140
340,"Granbury, TX Micropolitan Statistical Area",24180
341,"Grand Forks, ND-MN Metropolitan Statistical Area",24220
342,"Grand Island, NE Micropolitan Statistical Area",24260
343,"Grand Junction, CO Metropolitan Statistical Area",24300
344,"Grand Rapids-Wyoming, MI Metropolitan Statistical Area",24340
345,"Grants, NM Micropolitan Statistical Area",24380
346,"Grants Pass, OR Micropolitan Statistical Area",24420
347,"Great Bend, KS Micropolitan Statistical Area",24460
348,"Great Falls, MT Metropolitan Statistical Area",24500
349,"Greeley, CO Metropolitan Statistical Area",24540
350,"Green Bay, WI Metropolitan Statistical Area",24580
351,"Greeneville, TN Micropolitan Statistical Area",24620
352,"Greensboro-High Point, NC Metropolitan Statistical Area",24660
353,"Greensburg, IN Micropolitan Statistical Area",24700
354,"Greenville, MS Micropolitan Statistical Area",24740
355,"Greenville, NC Metropolitan Statistical Area",24780
356,"Greenville, OH Micropolitan Statistical Area",24820
357,"Greenville-Mauldin-Easley, SC Metropolitan Statistical Area",24860
358,"Greenwood, MS Micropolitan Statistical Area",24900
359,"Greenwood, SC Micropolitan Statistical Area",24940
360,"Grenada, MS Micropolitan Statistical Area",24980
361,"Guayama, PR Metropolitan Statistical Area",25020
362,"Gulfport-Biloxi, MS Metropolitan Statistical Area",25060
363,"Guymon, OK Micropolitan Statistical Area",25100
364,"Hagerstown-Martinsburg, MD-WV Metropolitan Statistical Area",25180
365,"Hammond, LA Micropolitan Statistical Area",25220
366,"Hanford-Corcoran, CA Metropolitan Statistical Area",25260
367,"Hannibal, MO Micropolitan Statistical Area",25300
368,"Harriman, TN Micropolitan Statistical Area",25340
369,"Harrisburg, IL Micropolitan Statistical Area",25380
370,"Harrisburg-Carlisle, PA Metropolitan Statistical Area",25420
371,"Harrison, AR Micropolitan Statistical Area",25460
372,"Harrisonburg, VA Metropolitan Statistical Area",25500
373,"Hartford-West Hartford-East Hartford, CT Metropolitan Statistical Area",25540
374,"Hastings, NE Micropolitan Statistical Area",25580
375,"Hattiesburg, MS Metropolitan Statistical Area",25620
376,"Havre, MT Micropolitan Statistical Area",25660
377,"Hays, KS Micropolitan Statistical Area",25700
378,"Heber, UT Micropolitan Statistical Area",25720
379,"Helena, MT Micropolitan Statistical Area",25740
380,"Helena-West Helena, AR Micropolitan Statistical Area",25760
381,"Henderson, NC Micropolitan Statistical Area",25780
382,"Hereford, TX Micropolitan Statistical Area",25820
383,"Hickory-Lenoir-Morganton, NC Metropolitan Statistical Area",25860
384,"Hilo, HI Micropolitan Statistical Area",25900
385,"Hilton Head Island-Beaufort, SC Micropolitan Statistical Area",25940
386,"Hinesville-Fort Stewart, GA Metropolitan Statistical Area",25980
387,"Hobbs, NM Micropolitan Statistical Area",26020
388,"Holland-Grand Haven, MI Metropolitan Statistical Area",26100
389,"Homosassa Springs, FL Micropolitan Statistical Area",26140
390,"Honolulu, HI Metropolitan Statistical Area",26180
391,"Hood River, OR Micropolitan Statistical Area",26220
392,"Hope, AR Micropolitan Statistical Area",26260
393,"Hot Springs, AR Metropolitan Statistical Area",26300
394,"Houghton, MI Micropolitan Statistical Area",26340
395,"Houma-Bayou Cane-Thibodaux, LA Metropolitan Statistical Area",26380
396,"Houston-Sugar Land-Baytown, TX Metropolitan Statistical Area",26420
397,"Hudson, NY Micropolitan Statistical Area",26460
398,"Humboldt, TN Micropolitan Statistical Area",26480
399,"Huntingdon, PA Micropolitan Statistical Area",26500
400,"Huntington, IN Micropolitan Statistical Area",26540
401,"Huntington-Ashland, WV-KY-OH Metropolitan Statistical Area",26580
402,"Huntsville, AL Metropolitan Statistical Area",26620
403,"Huntsville, TX Micropolitan Statistical Area",26660
404,"Huron, SD Micropolitan Statistical Area",26700
405,"Hutchinson, KS Micropolitan Statistical Area",26740
406,"Hutchinson, MN Micropolitan Statistical Area",26780
407,"Idaho Falls, ID Metropolitan Statistical Area",26820
408,"Indiana, PA Micropolitan Statistical Area",26860
409,"Indianapolis-Carmel, IN Metropolitan Statistical Area",26900
410,"Indianola, MS Micropolitan Statistical Area",26940
411,"Iowa City, IA Metropolitan Statistical Area",26980
412,"Iron Mountain, MI-WI Micropolitan Statistical Area",27020
413,"Ithaca, NY Metropolitan Statistical Area",27060
414,"Jackson, MI Metropolitan Statistical Area",27100
415,"Jackson, MS Metropolitan Statistical Area",27140
416,"Jackson, TN Metropolitan Statistical Area",27180
417,"Jackson, WY-ID Micropolitan Statistical Area",27220
418,"Jacksonville, FL Metropolitan Statistical Area",27260
419,"Jacksonville, IL Micropolitan Statistical Area",27300
420,"Jacksonville, NC Metropolitan Statistical Area",27340
421,"Jacksonville, TX Micropolitan Statistical Area",27380
422,"Jamestown, ND Micropolitan Statistical Area",27420
423,"Jamestown-Dunkirk-Fredonia, NY Micropolitan Statistical Area",27460
424,"Janesville, WI Metropolitan Statistical Area",27500
425,"Jasper, IN Micropolitan Statistical Area",27540
426,"Jayuya, PR Micropolitan Statistical Area",27580
427,"Jefferson City, MO Metropolitan Statistical Area",27620
428,"Jennings, LA Micropolitan Statistical Area",27660
429,"Jesup, GA Micropolitan Statistical Area",27700
430,"Johnson City, TN Metropolitan Statistical Area",27740
431,"Johnstown, PA Metropolitan Statistical Area",27780
432,"Jonesboro, AR Metropolitan Statistical Area",27860
433,"Joplin, MO Metropolitan Statistical Area",27900
434,"Juneau, AK Micropolitan Statistical Area",27940
435,"Kahului-Wailuku, HI Micropolitan Statistical Area",27980
436,"Kalamazoo-Portage, MI Metropolitan Statistical Area",28020
437,"Kalispell, MT Micropolitan Statistical Area",28060
438,"Kankakee-Bradley, IL Metropolitan Statistical Area",28100
439,"Kansas City, MO-KS Metropolitan Statistical Area",28140
440,"Kapaa, HI Micropolitan Statistical Area",28180
441,"Kearney, NE Micropolitan Statistical Area",28260
442,"Keene, NH Micropolitan Statistical Area",28300
443,"Kendallville, IN Micropolitan Statistical Area",28340
444,"Kennett, MO Micropolitan Statistical Area",28380
445,"Kennewick-Pasco-Richland, WA Metropolitan Statistical Area",28420
446,"Kerrville, TX Micropolitan Statistical Area",28500
447,"Ketchikan, AK Micropolitan Statistical Area",28540
448,"Key West, FL Micropolitan Statistical Area",28580
449,"Kill Devil Hills, NC Micropolitan Statistical Area",28620
450,"Killeen-Temple-Fort Hood, TX Metropolitan Statistical Area",28660
451,"Kingsport-Bristol-Bristol, TN-VA Metropolitan Statistical Area",28700
452,"Kingston, NY Metropolitan Statistical Area",28740
453,"Kingsville, TX Micropolitan Statistical Area",28780
454,"Kinston, NC Micropolitan Statistical Area",28820
455,"Kirksville, MO Micropolitan Statistical Area",28860
456,"Klamath Falls, OR Micropolitan Statistical Area",28900
457,"Knoxville, TN Metropolitan Statistical Area",28940
458,"Kodiak, AK Micropolitan Statistical Area",28980
459,"Kokomo, IN Metropolitan Statistical Area",29020
460,"Laconia, NH Micropolitan Statistical Area",29060
461,"La Crosse, WI-MN Metropolitan Statistical Area",29100
462,"Lafayette, IN Metropolitan Statistical Area",29140
463,"Lafayette, LA Metropolitan Statistical Area",29180
464,"La Follette, TN Micropolitan Statistical Area",29220
465,"La Grande, OR Micropolitan Statistical Area",29260
466,"LaGrange, GA Micropolitan Statistical Area",29300
467,"Lake Charles, LA Metropolitan Statistical Area",29340
468,"Lake City, FL Micropolitan Statistical Area",29380
469,"Lake Havasu City-Kingman, AZ Metropolitan Statistical Area",29420
470,"Lakeland-Winter Haven, FL Metropolitan Statistical Area",29460
471,"Lamesa, TX Micropolitan Statistical Area",29500
472,"Lancaster, PA Metropolitan Statistical Area",29540
473,"Lancaster, SC Micropolitan Statistical Area",29580
474,"Lansing-East Lansing, MI Metropolitan Statistical Area",29620
475,"Laramie, WY Micropolitan Statistical Area",29660
476,"Laredo, TX Metropolitan Statistical Area",29700
477,"Las Cruces, NM Metropolitan Statistical Area",29740
478,"Las Vegas, NM Micropolitan Statistical Area",29780
479,"Las Vegas-Paradise, NV Metropolitan Statistical Area",29820
480,"Laurel, MS Micropolitan Statistical Area",29860
481,"Laurinburg, NC Micropolitan Statistical Area",29900
482,"Lawrence, KS Metropolitan Statistical Area",29940
483,"Lawrenceburg, TN Micropolitan Statistical Area",29980
484,"Lawton, OK Metropolitan Statistical Area",30020
485,"Lebanon, MO Micropolitan Statistical Area",30060
486,"Lebanon, NH-VT Micropolitan Statistical Area",30100
487,"Lebanon, PA Metropolitan Statistical Area",30140
488,"Levelland, TX Micropolitan Statistical Area",30220
489,"Lewisburg, PA Micropolitan Statistical Area",30260
490,"Lewisburg, TN Micropolitan Statistical Area",30280
491,"Lewiston, ID-WA Metropolitan Statistical Area",30300
492,"Lewiston-Auburn, ME Metropolitan Statistical Area",30340
493,"Lewistown, PA Micropolitan Statistical Area",30380
494,"Lexington, NE Micropolitan Statistical Area",30420
495,"Lexington-Fayette, KY Metropolitan Statistical Area",30460
496,"Lexington Park, MD Micropolitan Statistical Area",30500
497,"Liberal, KS Micropolitan Statistical Area",30580
498,"Lima, OH Metropolitan Statistical Area",30620
499,"Lincoln, IL Micropolitan Statistical Area",30660
500,"Lincoln, NE Metropolitan Statistical Area",30700
501,"Lincolnton, NC Micropolitan Statistical Area",30740
502,"Little Rock-North Little Rock-Conway, AR Metropolitan Statistical Area",30780
503,"Lock Haven, PA Micropolitan Statistical Area",30820
504,"Logan, UT-ID Metropolitan Statistical Area",30860
505,"Logansport, IN Micropolitan Statistical Area",30900
506,"London, KY Micropolitan Statistical Area",30940
507,"Longview, TX Metropolitan Statistical Area",30980
508,"Longview, WA Metropolitan Statistical Area",31020
509,"Los Alamos, NM Micropolitan Statistical Area",31060
510,"Los Angeles-Long Beach-Santa Ana, CA Metropolitan Statistical Area",31100
511,"Louisville/Jefferson County, KY-IN Metropolitan Statistical Area",31140
512,"Lubbock, TX Metropolitan Statistical Area",31180
513,"Lufkin, TX Micropolitan Statistical Area",31260
514,"Lumberton, NC Micropolitan Statistical Area",31300
515,"Lynchburg, VA Metropolitan Statistical Area",31340
516,"Macomb, IL Micropolitan Statistical Area",31380
517,"Macon, GA Metropolitan Statistical Area",31420
518,"Madera-Chowchilla, CA Metropolitan Statistical Area",31460
519,"Madison, IN Micropolitan Statistical Area",31500
520,"Madison, WI Metropolitan Statistical Area",31540
521,"Madisonville, KY Micropolitan Statistical Area",31580
522,"Magnolia, AR Micropolitan Statistical Area",31620
523,"Malone, NY Micropolitan Statistical Area",31660
524,"Manchester-Nashua, NH Metropolitan Statistical Area",31700
525,"Manhattan, KS Metropolitan Statistical Area",31740
526,"Manitowoc, WI Micropolitan Statistical Area",31820
527,"Mankato-North Mankato, MN Metropolitan Statistical Area",31860
528,"Mansfield, OH Metropolitan Statistical Area",31900
529,"Marinette, WI-MI Micropolitan Statistical Area",31940
530,"Marion, IN Micropolitan Statistical Area",31980
531,"Marion, OH Micropolitan Statistical Area",32020
532,"Marion-Herrin, IL Micropolitan Statistical Area",32060
533,"Marquette, MI Micropolitan Statistical Area",32100
534,"Marshall, MN Micropolitan Statistical Area",32140
535,"Marshall, MO Micropolitan Statistical Area",32180
536,"Marshall, TX Micropolitan Statistical Area",32220
537,"Marshalltown, IA Micropolitan Statistical Area",32260
538,"Marshfield-Wisconsin Rapids, WI Micropolitan Statistical Area",32270
539,"Martin, TN Micropolitan Statistical Area",32280
540,"Martinsville, VA Micropolitan Statistical Area",32300
541,"Maryville, MO Micropolitan Statistical Area",32340
542,"Mason City, IA Micropolitan Statistical Area",32380
543,"Mayagüez, PR Metropolitan Statistical Area",32420
544,"Mayfield, KY Micropolitan Statistical Area",32460
545,"Maysville, KY Micropolitan Statistical Area",32500
546,"McAlester, OK Micropolitan Statistical Area",32540
547,"McAllen-Edinburg-Mission, TX Metropolitan Statistical Area",32580
548,"McComb, MS Micropolitan Statistical Area",32620
549,"McMinnville, TN Micropolitan Statistical Area",32660
550,"McPherson, KS Micropolitan Statistical Area",32700
551,"Meadville, PA Micropolitan Statistical Area",32740
552,"Medford, OR Metropolitan Statistical Area",32780
553,"Memphis, TN-MS-AR Metropolitan Statistical Area",32820
554,"Menomonie, WI Micropolitan Statistical Area",32860
555,"Merced, CA Metropolitan Statistical Area",32900
556,"Meridian, MS Micropolitan Statistical Area",32940
557,"Merrill, WI Micropolitan Statistical Area",32980
558,"Mexico, MO Micropolitan Statistical Area",33020
559,"Miami, OK Micropolitan Statistical Area",33060
560,"Miami-Fort Lauderdale-Pompano Beach, FL Metropolitan Statistical Area",33100
561,"Michigan City-La Porte, IN Metropolitan Statistical Area",33140
562,"Middlesborough, KY Micropolitan Statistical Area",33180
563,"Midland, MI Micropolitan Statistical Area",33220
564,"Midland, TX Metropolitan Statistical Area",33260
565,"Milledgeville, GA Micropolitan Statistical Area",33300
566,"Milwaukee-Waukesha-West Allis, WI Metropolitan Statistical Area",33340
567,"Minden, LA Micropolitan Statistical Area",33380
568,"Mineral Wells, TX Micropolitan Statistical Area",33420
569,"Minneapolis-St. Paul-Bloomington, MN-WI Metropolitan Statistical Area",33460
570,"Minot, ND Micropolitan Statistical Area",33500
571,"Missoula, MT Metropolitan Statistical Area",33540
572,"Mitchell, SD Micropolitan Statistical Area",33580
573,"Moberly, MO Micropolitan Statistical Area",33620
574,"Mobile, AL Metropolitan Statistical Area",33660
575,"Modesto, CA Metropolitan Statistical Area",33700
576,"Monroe, LA Metropolitan Statistical Area",33740
577,"Monroe, MI Metropolitan Statistical Area",33780
578,"Monroe, WI Micropolitan Statistical Area",33820
579,"Montgomery, AL Metropolitan Statistical Area",33860
580,"Montrose, CO Micropolitan Statistical Area",33940
581,"Morehead City, NC Micropolitan Statistical Area",33980
582,"Morgan City, LA Micropolitan Statistical Area",34020
583,"Morgantown, WV Metropolitan Statistical Area",34060
584,"Morristown, TN Metropolitan Statistical Area",34100
585,"Moscow, ID Micropolitan Statistical Area",34140
586,"Moses Lake, WA Micropolitan Statistical Area",34180
587,"Moultrie, GA Micropolitan Statistical Area",34220
588,"Mountain Home, AR Micropolitan Statistical Area",34260
589,"Mountain Home, ID Micropolitan Statistical Area",34300
590,"Mount Airy, NC Micropolitan Statistical Area",34340
591,"Mount Pleasant, MI Micropolitan Statistical Area",34380
592,"Mount Pleasant, TX Micropolitan Statistical Area",34420
593,"Mount Sterling, KY Micropolitan Statistical Area",34460
594,"Mount Vernon, IL Micropolitan Statistical Area",34500
595,"Mount Vernon, OH Micropolitan Statistical Area",34540
596,"Mount Vernon-Anacortes, WA Metropolitan Statistical Area",34580
597,"Muncie, IN Metropolitan Statistical Area",34620
598,"Murray, KY Micropolitan Statistical Area",34660
599,"Muscatine, IA Micropolitan Statistical Area",34700
600,"Muskegon-Norton Shores, MI Metropolitan Statistical Area",34740
601,"Muskogee, OK Micropolitan Statistical Area",34780
602,"Myrtle Beach-North Myrtle Beach-Conway, SC Metropolitan Statistical Area",34820
603,"Nacogdoches, TX Micropolitan Statistical Area",34860
604,"Napa, CA Metropolitan Statistical Area",34900
605,"Naples-Marco Island, FL Metropolitan Statistical Area",34940
606,"Nashville-Davidson--Murfreesboro--Franklin, TN Metropolitan Statistical Area",34980
607,"Natchez, MS-LA Micropolitan Statistical Area",35020
608,"Natchitoches, LA Micropolitan Statistical Area",35060
609,"New Bern, NC Micropolitan Statistical Area",35100
610,"Newberry, SC Micropolitan Statistical Area",35140
611,"New Castle, IN Micropolitan Statistical Area",35220
612,"New Castle, PA Micropolitan Statistical Area",35260
613,"New Haven-Milford, CT Metropolitan Statistical Area",35300
614,"New Iberia, LA Micropolitan Statistical Area",35340
615,"New Orleans-Metairie-Kenner, LA Metropolitan Statistical Area",35380
616,"New Philadelphia-Dover, OH Micropolitan Statistical Area",35420
617,"Newport, TN Micropolitan Statistical Area",35460
618,"Newton, IA Micropolitan Statistical Area",35500
619,"New Ulm, MN Micropolitan Statistical Area",35580
620,"New York-Northern New Jersey-Long Island, NY-NJ-PA Metropolitan Statistical Area",35620
621,"Niles-Benton Harbor, MI Metropolitan Statistical Area",35660
622,"Nogales, AZ Micropolitan Statistical Area",35700
623,"Norfolk, NE Micropolitan Statistical Area",35740
624,"North Platte, NE Micropolitan Statistical Area",35820
625,"North Vernon, IN Micropolitan Statistical Area",35860
626,"North Wilkesboro, NC Micropolitan Statistical Area",35900
627,"Norwalk, OH Micropolitan Statistical Area",35940
628,"Norwich-New London, CT Metropolitan Statistical Area",35980
629,"Oak Harbor, WA Micropolitan Statistical Area",36020
630,"Oak Hill, WV Micropolitan Statistical Area",36060
631,"Ocala, FL Metropolitan Statistical Area",36100
632,"Ocean City, NJ Metropolitan Statistical Area",36140
633,"Ocean Pines, MD Micropolitan Statistical Area",36180
634,"Odessa, TX Metropolitan Statistical Area",36220
635,"Ogden-Clearfield, UT Metropolitan Statistical Area",36260
636,"Ogdensburg-Massena, NY Micropolitan Statistical Area",36300
637,"Oil City, PA Micropolitan Statistical Area",36340
638,"Okeechobee, FL Micropolitan Statistical Area",36380
639,"Oklahoma City, OK Metropolitan Statistical Area",36420
640,"Olean, NY Micropolitan Statistical Area",36460
641,"Olympia, WA Metropolitan Statistical Area",36500
642,"Omaha-Council Bluffs, NE-IA Metropolitan Statistical Area",36540
643,"Oneonta, NY Micropolitan Statistical Area",36580
644,"Ontario, OR-ID Micropolitan Statistical Area",36620
645,"Opelousas-Eunice, LA Micropolitan Statistical Area",36660
646,"Orangeburg, SC Micropolitan Statistical Area",36700
647,"Orlando-Kissimmee, FL Metropolitan Statistical Area",36740
648,"Oshkosh-Neenah, WI Metropolitan Statistical Area",36780
649,"Oskaloosa, IA Micropolitan Statistical Area",36820
650,"Ottawa-Streator, IL Micropolitan Statistical Area",36860
651,"Ottumwa, IA Micropolitan Statistical Area",36900
652,"Owatonna, MN Micropolitan Statistical Area",36940
653,"Owensboro, KY Metropolitan Statistical Area",36980
654,"Owosso, MI Micropolitan Statistical Area",37020
655,"Oxford, MS Micropolitan Statistical Area",37060
656,"Oxnard-Thousand Oaks-Ventura, CA Metropolitan Statistical Area",37100
657,"Paducah, KY-IL Micropolitan Statistical Area",37140
658,"Pahrump, NV Micropolitan Statistical Area",37220
659,"Palatka, FL Micropolitan Statistical Area",37260
660,"Palestine, TX Micropolitan Statistical Area",37300
661,"Palm Bay-Melbourne-Titusville, FL Metropolitan Statistical Area",37340
662,"Palm Coast, FL Metropolitan Statistical Area",37380
663,"Pampa, TX Micropolitan Statistical Area",37420
664,"Panama City-Lynn Haven-Panama City Beach, FL Metropolitan Statistical Area",37460
665,"Paragould, AR Micropolitan Statistical Area",37500
666,"Paris, TN Micropolitan Statistical Area",37540
667,"Paris, TX Micropolitan Statistical Area",37580
668,"Parkersburg-Marietta-Vienna, WV-OH Metropolitan Statistical Area",37620
669,"Parsons, KS Micropolitan Statistical Area",37660
670,"Pascagoula, MS Metropolitan Statistical Area",37700
671,"Payson, AZ Micropolitan Statistical Area",37740
672,"Pecos, TX Micropolitan Statistical Area",37780
673,"Pella, IA Micropolitan Statistical Area",37800
674,"Pendleton-Hermiston, OR Micropolitan Statistical Area",37820
675,"Pensacola-Ferry Pass-Brent, FL Metropolitan Statistical Area",37860
676,"Peoria, IL Metropolitan Statistical Area",37900
677,"Peru, IN Micropolitan Statistical Area",37940
678,"Philadelphia-Camden-Wilmington, PA-NJ-DE-MD Metropolitan Statistical Area",37980
679,"Phoenix Lake-Cedar Ridge, CA Micropolitan Statistical Area",38020
680,"Phoenix-Mesa-Scottsdale, AZ Metropolitan Statistical Area",38060
681,"Picayune, MS Micropolitan Statistical Area",38100
682,"Pierre, SD Micropolitan Statistical Area",38180
683,"Pierre Part, LA Micropolitan Statistical Area",38200
684,"Pine Bluff, AR Metropolitan Statistical Area",38220
685,"Pittsburg, KS Micropolitan Statistical Area",38260
686,"Pittsburgh, PA Metropolitan Statistical Area",38300
687,"Pittsfield, MA Metropolitan Statistical Area",38340
688,"Plainview, TX Micropolitan Statistical Area",38380
689,"Platteville, WI Micropolitan Statistical Area",38420
690,"Plattsburgh, NY Micropolitan Statistical Area",38460
691,"Plymouth, IN Micropolitan Statistical Area",38500
692,"Pocatello, ID Metropolitan Statistical Area",38540
693,"Point Pleasant, WV-OH Micropolitan Statistical Area",38580
694,"Ponca City, OK Micropolitan Statistical Area",38620
695,"Ponce, PR Metropolitan Statistical Area",38660
696,"Pontiac, IL Micropolitan Statistical Area",38700
697,"Poplar Bluff, MO Micropolitan Statistical Area",38740
698,"Portales, NM Micropolitan Statistical Area",38780
699,"Port Angeles, WA Micropolitan Statistical Area",38820
700,"Portland-South Portland-Biddeford, ME Metropolitan Statistical Area",38860
701,"Portland-Vancouver-Beaverton, OR-WA Metropolitan Statistical Area",38900
702,"Port St. Lucie, FL Metropolitan Statistical Area",38940
703,"Portsmouth, OH Micropolitan Statistical Area",39020
704,"Pottsville, PA Micropolitan Statistical Area",39060
705,"Poughkeepsie-Newburgh-Middletown, NY Metropolitan Statistical Area",39100
706,"Prescott, AZ Metropolitan Statistical Area",39140
707,"Price, UT Micropolitan Statistical Area",39220
708,"Prineville, OR Micropolitan Statistical Area",39260
709,"Providence-New Bedford-Fall River, RI-MA Metropolitan Statistical Area",39300
710,"Provo-Orem, UT Metropolitan Statistical Area",39340
711,"Pueblo, CO Metropolitan Statistical Area",39380
712,"Pullman, WA Micropolitan Statistical Area",39420
713,"Punta Gorda, FL Metropolitan Statistical Area",39460
714,"Quincy, IL-MO Micropolitan Statistical Area",39500
715,"Racine, WI Metropolitan Statistical Area",39540
716,"Raleigh-Cary, NC Metropolitan Statistical Area",39580
717,"Rapid City, SD Metropolitan Statistical Area",39660
718,"Raymondville, TX Micropolitan Statistical Area",39700
719,"Reading, PA Metropolitan Statistical Area",39740
720,"Red Bluff, CA Micropolitan Statistical Area",39780
721,"Redding, CA Metropolitan Statistical Area",39820
722,"Red Wing, MN Micropolitan Statistical Area",39860
723,"Reno-Sparks, NV Metropolitan Statistical Area",39900
724,"Rexburg, ID Micropolitan Statistical Area",39940
725,"Richmond, IN Micropolitan Statistical Area",39980
726,"Richmond, VA Metropolitan Statistical Area",40060
727,"Richmond-Berea, KY Micropolitan Statistical Area",40080
728,"Rio Grande City-Roma, TX Micropolitan Statistical Area",40100
729,"Riverside-San Bernardino-Ontario, CA Metropolitan Statistical Area",40140
730,"Riverton, WY Micropolitan Statistical Area",40180
731,"Roanoke, VA Metropolitan Statistical Area",40220
732,"Roanoke Rapids, NC Micropolitan Statistical Area",40260
733,"Rochelle, IL Micropolitan Statistical Area",40300
734,"Rochester, MN Metropolitan Statistical Area",40340
735,"Rochester, NY Metropolitan Statistical Area",40380
736,"Rockford, IL Metropolitan Statistical Area",40420
737,"Rockingham, NC Micropolitan Statistical Area",40460
738,"Rockland, ME Micropolitan Statistical Area",40500
739,"Rock Springs, WY Micropolitan Statistical Area",40540
740,"Rocky Mount, NC Metropolitan Statistical Area",40580
741,"Rolla, MO Micropolitan Statistical Area",40620
742,"Rome, GA Metropolitan Statistical Area",40660
743,"Roseburg, OR Micropolitan Statistical Area",40700
744,"Roswell, NM Micropolitan Statistical Area",40740
745,"Ruidoso, NM Micropolitan Statistical Area",40760
746,"Russellville, AR Micropolitan Statistical Area",40780
747,"Ruston, LA Micropolitan Statistical Area",40820
748,"Rutland, VT Micropolitan Statistical Area",40860
749,"Sacramento--Arden-Arcade--Roseville, CA Metropolitan Statistical Area",40900
750,"Safford, AZ Micropolitan Statistical Area",40940
751,"Saginaw-Saginaw Township North, MI Metropolitan Statistical Area",40980
752,"St. Cloud, MN Metropolitan Statistical Area",41060
753,"St. George, UT Metropolitan Statistical Area",41100
754,"St. Joseph, MO-KS Metropolitan Statistical Area",41140
755,"St. Louis, MO-IL Metropolitan Statistical Area",41180
756,"St. Marys, GA Micropolitan Statistical Area",41220
757,"St. Marys, PA Micropolitan Statistical Area",41260
758,"Salem, OR Metropolitan Statistical Area",41420
759,"Salina, KS Micropolitan Statistical Area",41460
760,"Salinas, CA Metropolitan Statistical Area",41500
761,"Salisbury, MD Metropolitan Statistical Area",41540
762,"Salisbury, NC Micropolitan Statistical Area",41580
763,"Salt Lake City, UT Metropolitan Statistical Area",41620
764,"San Angelo, TX Metropolitan Statistical Area",41660
765,"San Antonio, TX Metropolitan Statistical Area",41700
766,"San Diego-Carlsbad-San Marcos, CA Metropolitan Statistical Area",41740
767,"Sandusky, OH Metropolitan Statistical Area",41780
768,"Sanford, NC Micropolitan Statistical Area",41820
769,"San Francisco-Oakland-Fremont, CA Metropolitan Statistical Area",41860
770,"San Germán-Cabo Rojo, PR Metropolitan Statistical Area",41900
771,"San Jose-Sunnyvale-Santa Clara, CA Metropolitan Statistical Area",41940
772,"San Juan-Caguas-Guaynabo, PR Metropolitan Statistical Area",41980
773,"San Luis Obispo-Paso Robles, CA Metropolitan Statistical Area",42020
774,"Santa Barbara-Santa Maria-Goleta, CA Metropolitan Statistical Area",42060
775,"Santa Cruz-Watsonville, CA Metropolitan Statistical Area",42100
776,"Santa Fe, NM Metropolitan Statistical Area",42140
777,"Santa Isabel, PR Micropolitan Statistical Area",42180
778,"Santa Rosa-Petaluma, CA Metropolitan Statistical Area",42220
779,"Sault Ste. Marie, MI Micropolitan Statistical Area",42300
780,"Savannah, GA Metropolitan Statistical Area",42340
781,"Sayre, PA Micropolitan Statistical Area",42380
782,"Scottsbluff, NE Micropolitan Statistical Area",42420
783,"Scottsboro, AL Micropolitan Statistical Area",42460
784,"Scottsburg, IN Micropolitan Statistical Area",42500
785,"Scranton--Wilkes-Barre, PA Metropolitan Statistical Area",42540
786,"Seaford, DE Micropolitan Statistical Area",42580
787,"Searcy, AR Micropolitan Statistical Area",42620
788,"Seattle-Tacoma-Bellevue, WA Metropolitan Statistical Area",42660
789,"Sebastian-Vero Beach, FL Metropolitan Statistical Area",42680
790,"Sebring, FL Micropolitan Statistical Area",42700
791,"Sedalia, MO Micropolitan Statistical Area",42740
792,"Selinsgrove, PA Micropolitan Statistical Area",42780
793,"Selma, AL Micropolitan Statistical Area",42820
794,"Seneca, SC Micropolitan Statistical Area",42860
795,"Seneca Falls, NY Micropolitan Statistical Area",42900
796,"Sevierville, TN Micropolitan Statistical Area",42940
797,"Seymour, IN Micropolitan Statistical Area",42980
798,"Shawnee, OK Micropolitan Statistical Area",43060
799,"Sheboygan, WI Metropolitan Statistical Area",43100
800,"Shelby, NC Micropolitan Statistical Area",43140
801,"Shelbyville, TN Micropolitan Statistical Area",43180
802,"Shelton, WA Micropolitan Statistical Area",43220
803,"Sheridan, WY Micropolitan Statistical Area",43260
804,"Sherman-Denison, TX Metropolitan Statistical Area",43300
805,"Show Low, AZ Micropolitan Statistical Area",43320
806,"Shreveport-Bossier City, LA Metropolitan Statistical Area",43340
807,"Sidney, OH Micropolitan Statistical Area",43380
808,"Sierra Vista-Douglas, AZ Micropolitan Statistical Area",43420
809,"Sikeston, MO Micropolitan Statistical Area",43460
810,"Silver City, NM Micropolitan Statistical Area",43500
811,"Silverthorne, CO Micropolitan Statistical Area",43540
812,"Sioux City, IA-NE-SD Metropolitan Statistical Area",43580
813,"Sioux Falls, SD Metropolitan Statistical Area",43620
814,"Snyder, TX Micropolitan Statistical Area",43660
815,"Somerset, KY Micropolitan Statistical Area",43700
816,"Somerset, PA Micropolitan Statistical Area",43740
817,"South Bend-Mishawaka, IN-MI Metropolitan Statistical Area",43780
818,"Southern Pines-Pinehurst, NC Micropolitan Statistical Area",43860
819,"Spartanburg, SC Metropolitan Statistical Area",43900
820,"Spearfish, SD Micropolitan Statistical Area",43940
821,"Spencer, IA Micropolitan Statistical Area",43980
822,"Spirit Lake, IA Micropolitan Statistical Area",44020
823,"Spokane, WA Metropolitan Statistical Area",44060
824,"Springfield, IL Metropolitan Statistical Area",44100
825,"Springfield, MA Metropolitan Statistical Area",44140
826,"Springfield, MO Metropolitan Statistical Area",44180
827,"Springfield, OH Metropolitan Statistical Area",44220
828,"Starkville, MS Micropolitan Statistical Area",44260
829,"State College, PA Metropolitan Statistical Area",44300
830,"Statesboro, GA Micropolitan Statistical Area",44340
831,"Statesville-Mooresville, NC Micropolitan Statistical Area",44380
832,"Staunton-Waynesboro, VA Micropolitan Statistical Area",44420
833,"Stephenville, TX Micropolitan Statistical Area",44500
834,"Sterling, CO Micropolitan Statistical Area",44540
835,"Sterling, IL Micropolitan Statistical Area",44580
836,"Stevens Point, WI Micropolitan Statistical Area",44620
837,"Stillwater, OK Micropolitan Statistical Area",44660
838,"Stockton, CA Metropolitan Statistical Area",44700
839,"Storm Lake, IA Micropolitan Statistical Area",44740
840,"Sturgis, MI Micropolitan Statistical Area",44780
841,"Sulphur Springs, TX Micropolitan Statistical Area",44860
842,"Summerville, GA Micropolitan Statistical Area",44900
843,"Sumter, SC Metropolitan Statistical Area",44940
844,"Sunbury, PA Micropolitan Statistical Area",44980
845,"Susanville, CA Micropolitan Statistical Area",45000
846,"Sweetwater, TX Micropolitan Statistical Area",45020
847,"Syracuse, NY Metropolitan Statistical Area",45060
848,"Tahlequah, OK Micropolitan Statistical Area",45140
849,"Talladega-Sylacauga, AL Micropolitan Statistical Area",45180
850,"Tallahassee, FL Metropolitan Statistical Area",45220
851,"Tallulah, LA Micropolitan Statistical Area",45260
852,"Tampa-St. Petersburg-Clearwater, FL Metropolitan Statistical Area",45300
853,"Taos, NM Micropolitan Statistical Area",45340
854,"Taylorville, IL Micropolitan Statistical Area",45380
855,"Terre Haute, IN Metropolitan Statistical Area",45460
856,"Texarkana, TX-Texarkana, AR Metropolitan Statistical Area",45500
857,"The Dalles, OR Micropolitan Statistical Area",45520
858,"The Villages, FL Micropolitan Statistical Area",45540
859,"Thomaston, GA Micropolitan Statistical Area",45580
860,"Thomasville, GA Micropolitan Statistical Area",45620
861,"Thomasville-Lexington, NC Micropolitan Statistical Area",45640
862,"Tiffin, OH Micropolitan Statistical Area",45660
863,"Tifton, GA Micropolitan Statistical Area",45700
864,"Toccoa, GA Micropolitan Statistical Area",45740
865,"Toledo, OH Metropolitan Statistical Area",45780
866,"Topeka, KS Metropolitan Statistical Area",45820
867,"Torrington, CT Micropolitan Statistical Area",45860
868,"Traverse City, MI Micropolitan Statistical Area",45900
869,"Trenton-Ewing, NJ Metropolitan Statistical Area",45940
870,"Troy, AL Micropolitan Statistical Area",45980
871,"Truckee-Grass Valley, CA Micropolitan Statistical Area",46020
872,"Tucson, AZ Metropolitan Statistical Area",46060
873,"Tullahoma, TN Micropolitan Statistical Area",46100
874,"Tulsa, OK Metropolitan Statistical Area",46140
875,"Tupelo, MS Micropolitan Statistical Area",46180
876,"Tuscaloosa, AL Metropolitan Statistical Area",46220
877,"Tuskegee, AL Micropolitan Statistical Area",46260
878,"Twin Falls, ID Micropolitan Statistical Area",46300
879,"Tyler, TX Metropolitan Statistical Area",46340
880,"Ukiah, CA Micropolitan Statistical Area",46380
881,"Union, SC Micropolitan Statistical Area",46420
882,"Union City, TN-KY Micropolitan Statistical Area",46460
883,"Urbana, OH Micropolitan Statistical Area",46500
884,"Utica-Rome, NY Metropolitan Statistical Area",46540
885,"Utuado, PR Micropolitan Statistical Area",46580
886,"Uvalde, TX Micropolitan Statistical Area",46620
887,"Valdosta, GA Metropolitan Statistical Area",46660
888,"Vallejo-Fairfield, CA Metropolitan Statistical Area",46700
889,"Valley, AL Micropolitan Statistical Area",46740
890,"Van Wert, OH Micropolitan Statistical Area",46780
891,"Vermillion, SD Micropolitan Statistical Area",46820
892,"Vernal, UT Micropolitan Statistical Area",46860
893,"Vernon, TX Micropolitan Statistical Area",46900
894,"Vicksburg, MS Micropolitan Statistical Area",46980
895,"Victoria, TX Metropolitan Statistical Area",47020
896,"Vidalia, GA Micropolitan Statistical Area",47080
897,"Vincennes, IN Micropolitan Statistical Area",47180
898,"Vineland-Millville-Bridgeton, NJ Metropolitan Statistical Area",47220
899,"Virginia Beach-Norfolk-Newport News, VA-NC Metropolitan Statistical Area",47260
900,"Visalia-Porterville, CA Metropolitan Statistical Area",47300
901,"Wabash, IN Micropolitan Statistical Area",47340
902,"Waco, TX Metropolitan Statistical Area",47380
903,"Wahpeton, ND-MN Micropolitan Statistical Area",47420
904,"Walla Walla, WA Micropolitan Statistical Area",47460
905,"Walterboro, SC Micropolitan Statistical Area",47500
906,"Wapakoneta, OH Micropolitan Statistical Area",47540
907,"Warner Robins, GA Metropolitan Statistical Area",47580
908,"Warren, PA Micropolitan Statistical Area",47620
909,"Warrensburg, MO Micropolitan Statistical Area",47660
910,"Warsaw, IN Micropolitan Statistical Area",47700
911,"Washington, IN Micropolitan Statistical Area",47780
912,"Washington, NC Micropolitan Statistical Area",47820
913,"Washington-Arlington-Alexandria, DC-VA-MD-WV Metropolitan Statistical Area",47900
914,"Washington Court House, OH Micropolitan Statistical Area",47920
915,"Waterloo-Cedar Falls, IA Metropolitan Statistical Area",47940
916,"Watertown, SD Micropolitan Statistical Area",47980
917,"Watertown-Fort Atkinson, WI Micropolitan Statistical Area",48020
918,"Watertown-Fort Drum, NY Micropolitan Statistical Area",48060
919,"Wauchula, FL Micropolitan Statistical Area",48100
920,"Wausau, WI Metropolitan Statistical Area",48140
921,"Waycross, GA Micropolitan Statistical Area",48180
922,"Weirton-Steubenville, WV-OH Metropolitan Statistical Area",48260
923,"Wenatchee-East Wenatchee, WA Metropolitan Statistical Area",48300
924,"West Plains, MO Micropolitan Statistical Area",48460
925,"West Point, MS Micropolitan Statistical Area",48500
926,"Wheeling, WV-OH Metropolitan Statistical Area",48540
927,"Whitewater, WI Micropolitan Statistical Area",48580
928,"Wichita, KS Metropolitan Statistical Area",48620
929,"Wichita Falls, TX Metropolitan Statistical Area",48660
930,"Williamsport, PA Metropolitan Statistical Area",48700
931,"Willimantic, CT Micropolitan Statistical Area",48740
932,"Williston, ND Micropolitan Statistical Area",48780
933,"Willmar, MN Micropolitan Statistical Area",48820
934,"Wilmington, NC Metropolitan Statistical Area",48900
935,"Wilmington, OH Micropolitan Statistical Area",48940
936,"Wilson, NC Micropolitan Statistical Area",48980
937,"Winchester, VA-WV Metropolitan Statistical Area",49020
938,"Winfield, KS Micropolitan Statistical Area",49060
939,"Winona, MN Micropolitan Statistical Area",49100
940,"Winston-Salem, NC Metropolitan Statistical Area",49180
941,"Woodward, OK Micropolitan Statistical Area",49260
942,"Wooster, OH Micropolitan Statistical Area",49300
943,"Worcester, MA Metropolitan Statistical Area",49340
944,"Worthington, MN Micropolitan Statistical Area",49380
945,"Yakima, WA Metropolitan Statistical Area",49420
946,"Yankton, SD Micropolitan Statistical Area",49460
947,"Yauco, PR Metropolitan Statistical Area",49500
948,"Yazoo City, MS Micropolitan Statistical Area",49540
949,"York-Hanover, PA Metropolitan Statistical Area",49620
950,"Youngstown-Warren-Boardman, OH-PA Metropolitan Statistical Area",49660
951,"Yuba City, CA Metropolitan Statistical Area",49700
952,"Yuma, AZ Metropolitan Statistical Area",49740
953,"Zanesville, OH Micropolitan Statistical Area",49780
